======================================= 1Address/1Address || libs/EC.sol =======================================
======================================= AlacrisIO/alacrity || archive/StateChannel.sol =======================================
ecrecover usage: True
ecrecover location: checkSignatures
signature validity check: True
signature type: not signTypedData nor personal sign
deadline usage: False
 
nonce usage: False
 

======================================= All-Aboard/react-app || src/DAppContracts/Identity.sol =======================================
======================================= antorenge/provJewellery || contracts/Validate.sol =======================================
ecrecover usage: True
ecrecover location: verify
signature validity check: True
signature type: not signTypedData nor personal sign
deadline usage: False
 
nonce usage: False
 

======================================= Augmint/augmint-contracts || contracts/generic/ECRecovery.sol =======================================
======================================= austintgriffith/nonce-upon-a-time || Proxy/Proxy.sol =======================================
======================================= bcnmy/mexa || contracts/5/BasicMetaTransaction.sol =======================================
======================================= bethanyuo/casino-dApp || contracts/usingProvable.sol =======================================
======================================= BilkentCrypto/p2p-bike-rental || src/contracts/Rental.sol =======================================
======================================= Bounties-Network/StandardBounties || contracts/BountiesMetaTxRelayer.sol =======================================
======================================= ConsenSysMesh/CSI-Dapp-Template || contracts/ECRecovery.sol =======================================
======================================= CostantinosSpathis/dapp || client/src/contracts/designVoting.sol =======================================
======================================= Dapp-Learning-DAO/Dapp-Learning-WaterMargin || packages/hardhat/contracts/WETH.sol =======================================
======================================= davekaj/DApps || truffle/Testing_Outside/Untitled-1.sol =======================================
======================================= definoob/snowflake-voting-dapp || contracts/_testing/OldClientRaindrop.sol =======================================
======================================= didithch/dapp || oraclizeAPI_0.5.sol =======================================
======================================= dominno/coinflip || backend/contracts/provableAPI.sol =======================================
======================================= drip-oss/llllll || contracts/SixPillars.sol =======================================
======================================= Dsummers91/Token-Payment-Channel || contracts/TokenPaymentChannel.sol =======================================
======================================= eccentricexit/iuvo || installed_contracts/zeppelin/contracts/ECRecovery.sol =======================================
======================================= EsteveM/Architect-a-Blockchain-Real-Estate-Marketplace || eth-contracts/contracts/Oraclize.sol =======================================
======================================= evilgon/Blockchain-Dapp || Blockchain-Capstone/eth-contracts/contracts/Oraclize.sol =======================================
======================================= faisal-hameed/SmartPropertyDApp || eth-contracts/contracts/Oraclize.sol =======================================
======================================= fanjb1203/conference_dapp || contracts/Decode.sol =======================================
======================================= fintechutcc/DApp || 05_Intro_Token/node_modules/openzeppelin-solidity/contracts/cryptography/ECDSA.sol =======================================
======================================= finterra/dapp-contracts || contracts/FIN-ERC20/contracts/MintableToken.sol =======================================
======================================= fossabot/dapp-smart-contract || lib/ECVerify.sol =======================================
======================================= fswizard/moonie_staking_dapp || contract/MooniGovernance.sol =======================================
======================================= gonetwork-project/gonetwork-poc-dapp || contracts/Verify.sol =======================================
======================================= influx6/dapp-learn || sources/dapp-examples/dapp-examples.sb-e932c94d-j71idV/Foundry-Overview-master/lib/openzeppelin-contracts/contracts/utils/cryptography/ECDSA.sol =======================================
======================================= iotexproject/iott-dapp-example || contracts/contracts/Pebble.sol =======================================
======================================= jack0son/woke-dapp || @woke/contracts-src/contracts/TwitterOracle.sol =======================================
======================================= JanMooMoo/Hydro-Dappstore_BSC || contracts/_testing/OldClientRaindrop.sol =======================================
======================================= javicabellolg/dApp || contracts/usingOraclize.sol =======================================
======================================= jpick713/Kiln-Tracker-dApp || contracts/Escrow.sol =======================================
======================================= Kai1997/Dapp---Blockchain-application-to-online-contract-system || contracts/contracts/26 11 2019/contractverify.sol =======================================
======================================= kurotaky/sample-rails-dapp || contracts/openzeppelin-contracts/contracts/utils/cryptography/ECDSA.sol =======================================
======================================= LimeChain/etherlime || test/etherlime-lib/deployer/examples/ECTools.sol =======================================
======================================= masaun/matic-plasma-backed-asset-swap || contracts/matic/ChildToken.sol =======================================
======================================= mashharuki/fundraiser-dapp || backend/hardhat/contracts/SimpleMultiSig.sol =======================================
======================================= mattlockyer/cryptobnb || vendor/zeppelin-solidity/contracts/ECRecovery.sol =======================================
======================================= MaxiIT/BetFlipDApp || contracts/provableAPI.sol =======================================
======================================= merlox/bank-dapp || contracts/usingOraclize.sol =======================================
======================================= MKagesawa/BenevoProjects || installed_contracts/oraclize-api/contracts/usingOraclize.sol =======================================
======================================= Momocrypto96/DappTraining || defi-development-mastery/bonus-1-fork-uniswap/3-fork-smart-contracts/core/contracts/UniswapV2ERC20.sol =======================================
======================================= nnthanh101/o2o || contracts/contracts/identity/ClaimVerifier.sol =======================================
======================================= odyslam/dapptools || src/dapp-tests/pass/cheatCodes.sol =======================================
======================================= OmarMWarraich/Dapp-University || signing_messages-main/src/contracts/Verification.sol =======================================
======================================= OriginProtocol/origin-js || contracts/contracts/identity/ClaimVerifier.sol =======================================
======================================= pacman0074/Dapp || FirstDapp/node_modules/@openzeppelin/contracts/utils/cryptography/ECDSA.sol =======================================
======================================= paritytech/second-price-auction || src/contracts/SecondPriceAuction.sol =======================================
======================================= poanetwork/poa-poba || blockchain/contracts/PoBA.sol =======================================
======================================= poanetwork/poa-popa || blockchain/contracts/ProofOfPhysicalAddress.sol =======================================
======================================= Sarah-HM-96/Blockmazon || contracts/node_modules/@openzeppelin/contracts/utils/cryptography/ECDSA.sol =======================================
======================================= singnet/snet-converter-dapp || src/contracts/singularitynet-token-manager/sol/TokenConversionManager.sol =======================================
======================================= SpasiboKojima/DApp-Lotto || contracts/MultiSig.sol =======================================
======================================= status-im/status-teller-network || contracts/common/MessageSigned.sol =======================================
======================================= taojunzh/Dapp || cur-app/node_modules/openzeppelin-solidity/contracts/utils/cryptography/ECDSA.sol =======================================
======================================= Tweedentity/dapp || store/flattened/OwnershipClaimer-flattened.sol =======================================
======================================= xy-graveyard/dapp-scsc-solidity || contracts/staking/XyStakingConsensus.sol =======================================
======================================= XYOracleNetwork-v1/tool-dapploy-nodejs || templates/template-solidity/contracts/cryptography/ECDSA.sol =======================================
======================================= 7finney/dApp-example || solidity/contracts/cryptography/ECDSA.sol =======================================
======================================= aizazdev/DApps-On-Ethereum || PaintingsNFT/node_modules/@openzeppelin/contracts/utils/cryptography/ECDSA.sol =======================================
======================================= angelr1076/Blockchain-Developer-Nanodegree || Main/Decentralized-Star-Notary-Service/node_modules/openzeppelin-solidity/contracts/cryptography/ECDSA.sol =======================================
======================================= bkatsnel/ethereum-marketplace || installed_contracts/oraclize-api/contracts/usingOraclize.sol =======================================
======================================= callmebi/enon-crosschain-ethereum-dex || contracts/misc/oraclizeAPI.sol =======================================
======================================= clemlak/metatransactions-dapp-example || contracts/MetaDapp.sol =======================================
======================================= daughertyb/Ethereum-Notary-Service-DAPP || Course_Identity_And_Smart_Contracts/SampleToken/node_modules/openzeppelin-solidity/contracts/cryptography/ECDSA.sol =======================================
======================================= emilamaj/signswap || contracts/src/OrderBookExchange.sol =======================================
======================================= GigameshGarages/ConcertNet || contracts/RollupHelpers.sol =======================================
======================================= Jsimluken/dappsTraning || 5/contracts/RecoverAddress.sol =======================================
======================================= jterzis/imagiato || contracts/OraclizeAPI_0pt5.sol =======================================
======================================= kassavin/Ethereum_DApps || 6_Unbox_Drizzle/Open Zeppelin/contracts/cryptography/ECDSA.sol =======================================
======================================= laynob/ethereum_voting_dapp || chapter4/contracts/ECRecovery.sol =======================================
======================================= lqne/ethereum_voting_dapp || chapter4/contracts/ECRecovery.sol =======================================
======================================= MallCloud/eth-dapp-a || solidity/contracts/oraclizeAPI_0.4.sol =======================================
======================================= Manav-Aggarwal/AppointmentSystemDapp || bankAppointmentSystem.sol =======================================
======================================= nigelmcintyre/CRUD-Dapp || frontend/start/node_modules/@openzeppelin/contracts/cryptography/ECDSA.sol =======================================
======================================= ranchalp/Ethereum-programs || charging-company/charging-company-rawTx(not recommended)/chargingCompanyRawTx.sol =======================================
======================================= ristosaar/dApps || webshop2/node_modules/@openzeppelin/contracts/cryptography/ECDSA.sol =======================================
======================================= rmi7/minimal-market || installed_contracts/oraclize-api/contracts/usingOraclize.sol =======================================
======================================= rushikeshacharya/Capstone || eth-contracts/contracts/Oraclize.sol =======================================
======================================= secure-vote/sv-light-smart-contracts || contracts/BBFarmRemote.sol =======================================
======================================= Tanakpek/ether-lottery-dApp || lottery/lottery-dapp/node_modules/@chainlink/contracts/src/v0.5/dev/Coordinator.sol =======================================
======================================= ZeroSum24/Codigo-Hub || smart_contracts/identity/contracts/identity.sol =======================================
======================================= zeus-fyi/defi || contracts/DexBrokerage.sol =======================================
