https://github.com/1Address/1Address,libs/EC.sol:200
https://github.com/AlacrisIO/alacrity,archive/StateChannel.sol:348
https://github.com/All-Aboard/react-app,src/DAppContracts/Identity.sol:98
https://github.com/antorenge/provJewellery,contracts/Validate.sol:10
https://github.com/Augmint/augmint-contracts,contracts/generic/ECRecovery.sol:9 || contracts/generic/ECRecovery.sol:36 || contracts/generic/ECRecovery.sol:55
https://github.com/austintgriffith/nonce-upon-a-time,Proxy/Proxy.sol:56
https://github.com/bcnmy/mexa,contracts/5/BasicMetaTransaction.sol:53 || contracts/5/RelayHub.sol:266 || contracts/5/dsproxy/MexaDSProxyFactory.sol:41 || contracts/5/dsproxy/MexaDSProxyFactory.sol:56 || contracts/6/test/Dai.sol:188
https://github.com/bethanyuo/casino-dApp,contracts/usingProvable.sol:1267
https://github.com/BilkentCrypto/p2p-bike-rental,src/contracts/Rental.sol:222
https://github.com/Bounties-Network/StandardBounties,contracts/BountiesMetaTxRelayer.sol:618 || deprecated/v2/BountiesMetaTxRelayer.sol:672
https://github.com/ConsenSysMesh/CSI-Dapp-Template,contracts/ECRecovery.sol:6 || contracts/ECRecovery.sol:29 || contracts/ECRecovery.sol:47
https://github.com/CostantinosSpathis/dapp,client/src/contracts/designVoting.sol:185 || client/src/contracts/designVoting.sol:248
https://github.com/Dapp-Learning-DAO/Dapp-Learning-WaterMargin,packages/hardhat/contracts/WETH.sol:1255 || packages/hardhat/contracts/WETH.sol:1279 || packages/hardhat/contracts/WETH.sol:1288 || packages/hardhat/contracts/WETH.sol:1309 || packages/hardhat/contracts/WETH.sol:1322
https://github.com/davekaj/DApps,truffle/Testing_Outside/Untitled-1.sol:5 || truffle/Testing_Outside/Untitled-1.sol:72 || truffle/Testing_Outside/Untitled-1.sol:142 || truffle/Testing_Outside/Untitled-1.sol:162 || truffle/testnet-ethbridge-football-dapp/contracts/usingOraclize.sol:946
https://github.com/definoob/snowflake-voting-dapp,contracts/_testing/OldClientRaindrop.sol:119 || contracts/_testing/OldClientRaindrop.sol:131 || contracts/_testing/SignatureVerifier.sol:22
https://github.com/didithch/dapp,oraclizeAPI_0.5.sol:1266
https://github.com/dominno/coinflip,backend/contracts/provableAPI.sol:1249
https://github.com/drip-oss/llllll,contracts/SixPillars.sol:402
https://github.com/Dsummers91/Token-Payment-Channel,contracts/TokenPaymentChannel.sol:42 || contracts/TokenPaymentChannel.sol:58 || contracts/TokenPaymentChannel.sol:75 || contracts/TokenPaymentChannel.sol:90
https://github.com/eccentricexit/iuvo,installed_contracts/zeppelin/contracts/ECRecovery.sol:43
https://github.com/EsteveM/Architect-a-Blockchain-Real-Estate-Marketplace,eth-contracts/contracts/Oraclize.sol:1257
https://github.com/evilgon/Blockchain-Dapp,Blockchain-Capstone/eth-contracts/contracts/Oraclize.sol:1257
https://github.com/faisal-hameed/SmartPropertyDApp,eth-contracts/contracts/Oraclize.sol:1257
https://github.com/fanjb1203/conference_dapp,contracts/Decode.sol:19 || contracts/Decode.sol:22
https://github.com/fintechutcc/DApp,05_Intro_Token/node_modules/openzeppelin-solidity/contracts/cryptography/ECDSA.sol:6 || 05_Intro_Token/node_modules/openzeppelin-solidity/contracts/cryptography/ECDSA.sol:27 || 05_Intro_Token/node_modules/openzeppelin-solidity/contracts/cryptography/ECDSA.sol:36 || 05_Intro_Token/node_modules/openzeppelin-solidity/contracts/cryptography/ECDSA.sol:54 || 06_Crypto-Cheque/contracts/Cheque.sol:37 || 06_Wallet/node_modules/openzeppelin-solidity/contracts/cryptography/ECDSA.sol:6 || 06_Wallet/node_modules/openzeppelin-solidity/contracts/cryptography/ECDSA.sol:27 || 06_Wallet/node_modules/openzeppelin-solidity/contracts/cryptography/ECDSA.sol:36 || 06_Wallet/node_modules/openzeppelin-solidity/contracts/cryptography/ECDSA.sol:54
https://github.com/finterra/dapp-contracts,contracts/FIN-ERC20/contracts/MintableToken.sol:84
https://github.com/fossabot/dapp-smart-contract,lib/ECVerify.sol:30 || lib/ECVerify.sol:32 || micropay/contracts/lib/ECVerify.sol:30 || micropay/contracts/lib/ECVerify.sol:32 || psc/contracts/lib/ECVerify.sol:30 || psc/contracts/lib/ECVerify.sol:32
https://github.com/fswizard/moonie_staking_dapp,contract/MooniGovernance.sol:164
https://github.com/gonetwork-project/gonetwork-poc-dapp,contracts/Verify.sol:11
https://github.com/influx6/dapp-learn,sources/dapp-examples/dapp-examples.sb-e932c94d-j71idV/Foundry-Overview-master/lib/openzeppelin-contracts/contracts/utils/cryptography/ECDSA.sol:41 || sources/dapp-examples/dapp-examples.sb-e932c94d-j71idV/Foundry-Overview-master/lib/openzeppelin-contracts/contracts/utils/cryptography/ECDSA.sol:65 || sources/dapp-examples/dapp-examples.sb-e932c94d-j71idV/Foundry-Overview-master/lib/openzeppelin-contracts/contracts/utils/cryptography/ECDSA.sol:77 || sources/dapp-examples/dapp-examples.sb-e932c94d-j71idV/Foundry-Overview-master/lib/openzeppelin-contracts/contracts/utils/cryptography/ECDSA.sol:94 || sources/dapp-examples/dapp-examples.sb-e932c94d-j71idV/Foundry-Overview-master/lib/openzeppelin-contracts/contracts/utils/cryptography/ECDSA.sol:154 || sources/dapp-examples/dapp-examples.sb-e932c94d-j71idV/Foundry-Overview-master/lib/openzeppelin-contracts/contracts/utils/cryptography/ECDSA.sol:171 || sources/dapp-examples/defi_mc-master 2/backend/contracts/GovernorAlpha.sol:274 || sources/dapp-examples/defi_mc-master 2/backend/contracts/SushiToken.sol:117 || sources/dapp-examples/defi_mc-master/backend/contracts/GovernorAlpha.sol:274 || sources/dapp-examples/defi_mc-master/backend/contracts/SushiToken.sol:117 || sources/dapp-examples/juicyswap-master/contracts/GovernorAlpha.sol:274 || sources/dapp-examples/juicyswap-master/contracts/SushiToken.sol:117 || sources/dapp-examples/juicyswap-master/flats/MasterChef_flat.sol:1232 || sources/dapp-examples/juicyswap-master/flats/SushiToken_flat.sol:909 || sources/dapp-examples/signing_messages-main/src/contracts/Verification.sol:31 || sources/dapp-examples/signing_messages-main/src/contracts/Verification.sol:50
https://github.com/iotexproject/iott-dapp-example,contracts/contracts/Pebble.sol:125
https://github.com/jack0son/woke-dapp,@woke/contracts-src/contracts/TwitterOracle.sol:9 || @woke/contracts-src/contracts/libraries/ECDSA.sol:38 || @woke/contracts-src/contracts/libraries/ECDSA.sol:48 || @woke/contracts-src/contracts/mocks/TwitterOracleMock.sol:8 || @woke/contracts-src/contracts/oraclizeAPI.sol:1251
https://github.com/JanMooMoo/Hydro-Dappstore_BSC,contracts/_testing/OldClientRaindrop.sol:119 || contracts/_testing/OldClientRaindrop.sol:131 || contracts/_testing/SignatureVerifier.sol:22
https://github.com/javicabellolg/dApp,contracts/usingOraclize.sol:1158
https://github.com/jpick713/Kiln-Tracker-dApp,contracts/Escrow.sol:112
https://github.com/Kai1997/Dapp---Blockchain-application-to-online-contract-system,contracts/contracts/26 11 2019/contractverify.sol:18 || contracts/contracts/5_12_2019/contractverify.sol:18
https://github.com/kurotaky/sample-rails-dapp,contracts/openzeppelin-contracts/contracts/utils/cryptography/ECDSA.sol:41 || contracts/openzeppelin-contracts/contracts/utils/cryptography/ECDSA.sol:65 || contracts/openzeppelin-contracts/contracts/utils/cryptography/ECDSA.sol:77 || contracts/openzeppelin-contracts/contracts/utils/cryptography/ECDSA.sol:94 || contracts/openzeppelin-contracts/contracts/utils/cryptography/ECDSA.sol:154 || contracts/openzeppelin-contracts/contracts/utils/cryptography/ECDSA.sol:171
https://github.com/LimeChain/etherlime,test/etherlime-lib/deployer/examples/ECTools.sol:38
https://github.com/masaun/matic-plasma-backed-asset-swap,contracts/matic/ChildToken.sol:48 || contracts/matic/ChildToken.sol:49 || contracts/matic/ChildToken.sol:50
https://github.com/mashharuki/fundraiser-dapp,backend/hardhat/contracts/SimpleMultiSig.sol:90 || backend/hardhat/contracts/safeContracts/GnosisSafe.sol:306 || backend/hardhat/contracts/safeContracts/GnosisSafe.sol:307 || backend/hardhat/contracts/safeContracts/GnosisSafe.sol:309 || backend/hardhat/contracts/safeContracts/GnosisSafe.sol:310 || backend/hardhat/contracts/safeContracts/GnosisSafe.sol:311 || contracts/SimpleMultiSig.sol:90 || contracts/safeContracts/GnosisSafe.sol:306 || contracts/safeContracts/GnosisSafe.sol:307 || contracts/safeContracts/GnosisSafe.sol:309 || contracts/safeContracts/GnosisSafe.sol:310 || contracts/safeContracts/GnosisSafe.sol:311
https://github.com/mattlockyer/cryptobnb,vendor/zeppelin-solidity/contracts/ECRecovery.sol:7 || vendor/zeppelin-solidity/contracts/ECRecovery.sol:33 || vendor/zeppelin-solidity/contracts/ECRecovery.sol:52
https://github.com/MaxiIT/BetFlipDApp,contracts/provableAPI.sol:1251
https://github.com/merlox/bank-dapp,contracts/usingOraclize.sol:1257
https://github.com/MKagesawa/BenevoProjects,installed_contracts/oraclize-api/contracts/usingOraclize.sol:975
https://github.com/Momocrypto96/DappTraining,defi-development-mastery/bonus-1-fork-uniswap/3-fork-smart-contracts/core/contracts/UniswapV2ERC20.sol:90 || defi-development-mastery/bonus-1-fork-uniswap/3-fork-smart-contracts/periphery/contracts/test/DeflatingERC20.sol:93 || defi-development-mastery/bonus-1-fork-uniswap/3-fork-smart-contracts/periphery/contracts/test/ERC20.sol:90 || defi-development-mastery/bonus-1-fork-uniswap/4-deploy-smart-contracts/core/contracts/UniswapV2ERC20.sol:90 || defi-development-mastery/bonus-1-fork-uniswap/4-deploy-smart-contracts/periphery/contracts/test/DeflatingERC20.sol:93 || defi-development-mastery/bonus-1-fork-uniswap/4-deploy-smart-contracts/periphery/contracts/test/ERC20.sol:90 || defi-development-mastery/bonus-1-fork-uniswap/5-liquidity-attack/core/contracts/UniswapV2ERC20.sol:90 || defi-development-mastery/bonus-1-fork-uniswap/5-liquidity-attack/periphery/contracts/test/DeflatingERC20.sol:93 || defi-development-mastery/bonus-1-fork-uniswap/5-liquidity-attack/periphery/contracts/test/ERC20.sol:90 || screencast/229-fork-uniswap/core/contracts/UniswapV2ERC20.sol:90 || screencast/229-fork-uniswap/periphery/contracts/test/DeflatingERC20.sol:93 || screencast/229-fork-uniswap/periphery/contracts/test/ERC20.sol:90 || screencast/235-fork-sushiswap/contracts/GovernorAlpha.sol:274 || screencast/235-fork-sushiswap/contracts/SushiToken.sol:117 || screencast/235-fork-sushiswap/contracts/uniswapv2/UniswapV2ERC20.sol:89 || screencast/317-eth-bsc-decentralized-bridge/contracts/BridgeBase.sol:88 || token/contracts/Airdrop.sol:68
https://github.com/nnthanh101/o2o,contracts/contracts/identity/ClaimVerifier.sol:84
https://github.com/odyslam/dapptools.rs,src/dapp-tests/pass/cheatCodes.sol:58 || src/dapp-tests/pass/cheatCodes.sol:72
https://github.com/OmarMWarraich/Dapp-University,signing_messages-main/src/contracts/Verification.sol:31 || signing_messages-main/src/contracts/Verification.sol:50
https://github.com/OriginProtocol/origin-js,contracts/contracts/identity/ClaimVerifier.sol:85
https://github.com/pacman0074/Dapp,FirstDapp/node_modules/@openzeppelin/contracts/utils/cryptography/ECDSA.sol:41 || FirstDapp/node_modules/@openzeppelin/contracts/utils/cryptography/ECDSA.sol:65 || FirstDapp/node_modules/@openzeppelin/contracts/utils/cryptography/ECDSA.sol:76 || FirstDapp/node_modules/@openzeppelin/contracts/utils/cryptography/ECDSA.sol:92 || FirstDapp/node_modules/@openzeppelin/contracts/utils/cryptography/ECDSA.sol:152 || FirstDapp/node_modules/@openzeppelin/contracts/utils/cryptography/ECDSA.sol:169
https://github.com/paritytech/second-price-auction,src/contracts/SecondPriceAuction.sol:299
https://github.com/poanetwork/poa-poba,blockchain/contracts/PoBA.sol:56
https://github.com/poanetwork/poa-popa,blockchain/contracts/ProofOfPhysicalAddress.sol:80
https://github.com/Sarah-HM-96/Blockmazon,contracts/node_modules/@openzeppelin/contracts/utils/cryptography/ECDSA.sol:16 || contracts/node_modules/@openzeppelin/contracts/utils/cryptography/ECDSA.sol:37 || contracts/node_modules/@openzeppelin/contracts/utils/cryptography/ECDSA.sol:54 || contracts/node_modules/@openzeppelin/contracts/utils/cryptography/ECDSA.sol:67
https://github.com/singnet/snet-converter-dapp,src/contracts/singularitynet-token-manager/sol/TokenConversionManager.sol:50 || src/contracts/singularitynet-token-manager/sol/TokenConversionManager.sol:73
https://github.com/SpasiboKojima/DApp-Lotto,contracts/MultiSig.sol:36 || contracts/oraclizeAPI.sol:948
https://github.com/status-im/status-teller-network,contracts/common/MessageSigned.sol:28 || contracts/misc/GnosisSafe.sol:432 || contracts/misc/GnosisSafe.sol:726 || contracts/misc/GnosisSafe.sol:727
https://github.com/taojunzh/Dapp,cur-app/node_modules/openzeppelin-solidity/contracts/utils/cryptography/ECDSA.sol:41 || cur-app/node_modules/openzeppelin-solidity/contracts/utils/cryptography/ECDSA.sol:65 || cur-app/node_modules/openzeppelin-solidity/contracts/utils/cryptography/ECDSA.sol:76 || cur-app/node_modules/openzeppelin-solidity/contracts/utils/cryptography/ECDSA.sol:92 || cur-app/node_modules/openzeppelin-solidity/contracts/utils/cryptography/ECDSA.sol:156 || cur-app/node_modules/openzeppelin-solidity/contracts/utils/cryptography/ECDSA.sol:173
https://github.com/Tweedentity/dapp,store/flattened/OwnershipClaimer-flattened.sol:1157
https://github.com/xy-graveyard/dapp-scsc-solidity,contracts/staking/XyStakingConsensus.sol:316
https://github.com/XYOracleNetwork-v1/tool-dapploy-nodejs,templates/template-solidity/contracts/cryptography/ECDSA.sol:6 || templates/template-solidity/contracts/cryptography/ECDSA.sol:27 || templates/template-solidity/contracts/cryptography/ECDSA.sol:36 || templates/template-solidity/contracts/cryptography/ECDSA.sol:54
https://github.com/7finney/dApp-example,solidity/contracts/cryptography/ECDSA.sol:16 || solidity/contracts/cryptography/ECDSA.sol:37 || solidity/contracts/cryptography/ECDSA.sol:46 || solidity/contracts/cryptography/ECDSA.sol:64
https://github.com/aizazdev/DApps-On-Ethereum,PaintingsNFT/node_modules/@openzeppelin/contracts/utils/cryptography/ECDSA.sol:16 || PaintingsNFT/node_modules/@openzeppelin/contracts/utils/cryptography/ECDSA.sol:38 || PaintingsNFT/node_modules/@openzeppelin/contracts/utils/cryptography/ECDSA.sol:49 || PaintingsNFT/node_modules/@openzeppelin/contracts/utils/cryptography/ECDSA.sol:91 || PaintingsNFT/node_modules/@openzeppelin/contracts/utils/cryptography/ECDSA.sol:107 || drizzle App/node_modules/@openzeppelin/contracts/utils/cryptography/ECDSA.sol:16 || drizzle App/node_modules/@openzeppelin/contracts/utils/cryptography/ECDSA.sol:38 || drizzle App/node_modules/@openzeppelin/contracts/utils/cryptography/ECDSA.sol:49 || drizzle App/node_modules/@openzeppelin/contracts/utils/cryptography/ECDSA.sol:91 || drizzle App/node_modules/@openzeppelin/contracts/utils/cryptography/ECDSA.sol:107
https://github.com/angelr1076/Blockchain-Developer-Nanodegree,Main/Decentralized-Star-Notary-Service/node_modules/openzeppelin-solidity/contracts/cryptography/ECDSA.sol:14 || Main/Decentralized-Star-Notary-Service/node_modules/openzeppelin-solidity/contracts/cryptography/ECDSA.sol:39 || Main/Decentralized-Star-Notary-Service/node_modules/openzeppelin-solidity/contracts/cryptography/ECDSA.sol:48 || Main/Decentralized-Star-Notary-Service/node_modules/openzeppelin-solidity/contracts/cryptography/ECDSA.sol:66 || PracticeProjects/2.EthereumContractsDapps/openZepNode/node_modules/openzeppelin-solidity/contracts/utils/cryptography/ECDSA.sol:41 || PracticeProjects/2.EthereumContractsDapps/openZepNode/node_modules/openzeppelin-solidity/contracts/utils/cryptography/ECDSA.sol:65 || PracticeProjects/2.EthereumContractsDapps/openZepNode/node_modules/openzeppelin-solidity/contracts/utils/cryptography/ECDSA.sol:76 || PracticeProjects/2.EthereumContractsDapps/openZepNode/node_modules/openzeppelin-solidity/contracts/utils/cryptography/ECDSA.sol:92 || PracticeProjects/2.EthereumContractsDapps/openZepNode/node_modules/openzeppelin-solidity/contracts/utils/cryptography/ECDSA.sol:152 || PracticeProjects/2.EthereumContractsDapps/openZepNode/node_modules/openzeppelin-solidity/contracts/utils/cryptography/ECDSA.sol:169
https://github.com/bkatsnel/ethereum-marketplace,installed_contracts/oraclize-api/contracts/usingOraclize.sol:975 || installed_contracts/zeppelin/contracts/ECRecovery.sol:43
https://github.com/callmebi/enon-crosschain-ethereum-dex,contracts/misc/oraclizeAPI.sol:1257
https://github.com/clemlak/metatransactions-dapp-example,contracts/MetaDapp.sol:69
https://github.com/daughertyb/Ethereum-Notary-Service-DAPP,Course_Identity_And_Smart_Contracts/SampleToken/node_modules/openzeppelin-solidity/contracts/cryptography/ECDSA.sol:6 || Course_Identity_And_Smart_Contracts/SampleToken/node_modules/openzeppelin-solidity/contracts/cryptography/ECDSA.sol:27 || Course_Identity_And_Smart_Contracts/SampleToken/node_modules/openzeppelin-solidity/contracts/cryptography/ECDSA.sol:45
https://github.com/emilamaj/signswap,contracts/src/OrderBookExchange.sol:117
https://github.com/GigameshGarages/ConcertNet,contracts/RollupHelpers.sol:329
https://github.com/Jsimluken/dappsTraning,5/contracts/RecoverAddress.sol:23
https://github.com/jterzis/imagiato,contracts/OraclizeAPI_0pt5.sol:1138
https://github.com/kassavin/Ethereum_DApps,6_Unbox_Drizzle/Open Zeppelin/contracts/cryptography/ECDSA.sol:14 || 6_Unbox_Drizzle/Open Zeppelin/contracts/cryptography/ECDSA.sol:39 || 6_Unbox_Drizzle/Open Zeppelin/contracts/cryptography/ECDSA.sol:48 || 6_Unbox_Drizzle/Open Zeppelin/contracts/cryptography/ECDSA.sol:66
https://github.com/laynob/ethereum_voting_dapp,chapter4/contracts/ECRecovery.sol:9 || chapter4/contracts/ECRecovery.sol:32 || chapter4/contracts/ECRecovery.sol:50
https://github.com/lqne/ethereum_voting_dapp,chapter4/contracts/ECRecovery.sol:9 || chapter4/contracts/ECRecovery.sol:32 || chapter4/contracts/ECRecovery.sol:50
https://github.com/MallCloud/eth-dapp-a,solidity/contracts/oraclizeAPI_0.4.sol:946
https://github.com/Manav-Aggarwal/AppointmentSystemDapp,bankAppointmentSystem.sol:105
https://github.com/nigelmcintyre/CRUD-Dapp,frontend/start/node_modules/@openzeppelin/contracts/cryptography/ECDSA.sol:16 || frontend/start/node_modules/@openzeppelin/contracts/cryptography/ECDSA.sol:37 || frontend/start/node_modules/@openzeppelin/contracts/cryptography/ECDSA.sol:46 || frontend/start/node_modules/@openzeppelin/contracts/cryptography/ECDSA.sol:64
https://github.com/ranchalp/Ethereum-programs,charging-company/charging-company-rawTx(not recommended)/chargingCompanyRawTx.sol:84 || charging-company/charging-company-rawTx(not recommended)/chargingCompanyRawTx.sol:100 || charging-company/charging-company-state-channel/chargingCompanyStateChannel.sol:94 || charging-company/charging-company-state-channel/chargingCompanyStateChannel.sol:154 || charging-company/others/charging-contract-state-channel/others/chargingCompany.sol:85 || charging-company/others/charging-contract-state-channel/others/chargingCompany.sol:101 || charging-company/others/charging-contract-state-channel/others/chargingCompany_old.sol:85 || charging-company/others/charging-contract-state-channel/others/chargingCompany_old.sol:101 || charging-company/others/charging-contract-state-channel/others/chargingCompany_signedtx.sol:85 || charging-company/others/charging-contract-state-channel/others/chargingCompany_signedtx.sol:101 || charging-company/others/charging-contract-state-channel/others/charging_company.sol:85 || charging-company/others/charging-contract-state-channel/others/charging_company.sol:101
https://github.com/ristosaar/dApps,webshop2/node_modules/@openzeppelin/contracts/cryptography/ECDSA.sol:14 || webshop2/node_modules/@openzeppelin/contracts/cryptography/ECDSA.sol:39 || webshop2/node_modules/@openzeppelin/contracts/cryptography/ECDSA.sol:48 || webshop2/node_modules/@openzeppelin/contracts/cryptography/ECDSA.sol:66
https://github.com/rmi7/minimal-market,installed_contracts/oraclize-api/contracts/usingOraclize.sol:975
https://github.com/rushikeshacharya/Capstone,eth-contracts/contracts/Oraclize.sol:1257
https://github.com/secure-vote/sv-light-smart-contracts,contracts/BBFarmRemote.sol:357 || contracts/BBLib.v6.sol:249 || contracts/BBLib.v7.sol:269 || dist/BBFarmRemote.sol:274 || dist/BBFarmRemote.sol:1517 || distArchive/2018-06-18-ix-deployment/BBFarm.sol:241 || distArchive/2018-06-18-ix-deployment/SVIndex.sol:243
https://github.com/Tanakpek/ether-lottery-dApp,lottery/lottery-dapp/node_modules/@chainlink/contracts/src/v0.5/dev/Coordinator.sol:214 || lottery/lottery-dapp/node_modules/@chainlink/contracts/src/v0.5/dev/SchnorrSECP256K1.sol:82 || lottery/lottery-dapp/node_modules/@chainlink/contracts/src/v0.5/dev/SchnorrSECP256K1.sol:85 || lottery/lottery-dapp/node_modules/@chainlink/contracts/src/v0.5/dev/SchnorrSECP256K1.sol:85 || lottery/lottery-dapp/node_modules/@chainlink/contracts/src/v0.5/dev/SchnorrSECP256K1.sol:86 || lottery/lottery-dapp/node_modules/@chainlink/contracts/src/v0.5/dev/SchnorrSECP256K1.sol:111 || lottery/lottery-dapp/node_modules/@chainlink/contracts/src/v0.5/dev/SchnorrSECP256K1.sol:112 || lottery/lottery-dapp/node_modules/@chainlink/contracts/src/v0.5/dev/SchnorrSECP256K1.sol:130 || lottery/lottery-dapp/node_modules/@chainlink/contracts/src/v0.5/dev/SchnorrSECP256K1.sol:132 || lottery/lottery-dapp/node_modules/@chainlink/contracts/src/v0.5/dev/SchnorrSECP256K1.sol:136 || lottery/lottery-dapp/node_modules/@chainlink/contracts/src/v0.6/VRF.sol:58 || lottery/lottery-dapp/node_modules/@chainlink/contracts/src/v0.6/VRF.sol:83 || lottery/lottery-dapp/node_modules/@chainlink/contracts/src/v0.6/VRF.sol:259 || lottery/lottery-dapp/node_modules/@chainlink/contracts/src/v0.6/VRF.sol:262 || lottery/lottery-dapp/node_modules/@chainlink/contracts/src/v0.6/VRF.sol:263 || lottery/lottery-dapp/node_modules/@chainlink/contracts/src/v0.6/VRF.sol:267 || lottery/lottery-dapp/node_modules/@chainlink/contracts/src/v0.6/VRF.sol:304 || lottery/lottery-dapp/node_modules/@chainlink/contracts/src/v0.6/VRF.sol:384 || lottery/lottery-dapp/node_modules/@chainlink/contracts/src/v0.6/VRF.sol:389 || lottery/lottery-dapp/node_modules/@chainlink/contracts/src/v0.6/VRF.sol:391 || lottery/lottery-dapp/node_modules/@chainlink/contracts/src/v0.6/VRF.sol:395 || lottery/lottery-dapp/node_modules/@chainlink/contracts/src/v0.6/VRF.sol:447 || lottery/lottery-dapp/node_modules/@chainlink/contracts/src/v0.8/dev/VRF.sol:58 || lottery/lottery-dapp/node_modules/@chainlink/contracts/src/v0.8/dev/VRF.sol:83 || lottery/lottery-dapp/node_modules/@chainlink/contracts/src/v0.8/dev/VRF.sol:266 || lottery/lottery-dapp/node_modules/@chainlink/contracts/src/v0.8/dev/VRF.sol:269 || lottery/lottery-dapp/node_modules/@chainlink/contracts/src/v0.8/dev/VRF.sol:270 || lottery/lottery-dapp/node_modules/@chainlink/contracts/src/v0.8/dev/VRF.sol:274 || lottery/lottery-dapp/node_modules/@chainlink/contracts/src/v0.8/dev/VRF.sol:323 || lottery/lottery-dapp/node_modules/@chainlink/contracts/src/v0.8/dev/VRF.sol:425 || lottery/lottery-dapp/node_modules/@chainlink/contracts/src/v0.8/dev/VRF.sol:433 || lottery/lottery-dapp/node_modules/@chainlink/contracts/src/v0.8/dev/VRF.sol:435 || lottery/lottery-dapp/node_modules/@chainlink/contracts/src/v0.8/dev/VRF.sol:439 || lottery/lottery-dapp/node_modules/@chainlink/contracts/src/v0.8/dev/VRF.sol:499 || lottery/node_modules/@chainlink/contracts/src/v0.5/dev/Coordinator.sol:214 || lottery/node_modules/@chainlink/contracts/src/v0.5/dev/SchnorrSECP256K1.sol:82 || lottery/node_modules/@chainlink/contracts/src/v0.5/dev/SchnorrSECP256K1.sol:85 || lottery/node_modules/@chainlink/contracts/src/v0.5/dev/SchnorrSECP256K1.sol:85 || lottery/node_modules/@chainlink/contracts/src/v0.5/dev/SchnorrSECP256K1.sol:86 || lottery/node_modules/@chainlink/contracts/src/v0.5/dev/SchnorrSECP256K1.sol:111 || lottery/node_modules/@chainlink/contracts/src/v0.5/dev/SchnorrSECP256K1.sol:112 || lottery/node_modules/@chainlink/contracts/src/v0.5/dev/SchnorrSECP256K1.sol:130 || lottery/node_modules/@chainlink/contracts/src/v0.5/dev/SchnorrSECP256K1.sol:132 || lottery/node_modules/@chainlink/contracts/src/v0.5/dev/SchnorrSECP256K1.sol:136 || lottery/node_modules/@chainlink/contracts/src/v0.6/VRF.sol:58 || lottery/node_modules/@chainlink/contracts/src/v0.6/VRF.sol:83 || lottery/node_modules/@chainlink/contracts/src/v0.6/VRF.sol:259 || lottery/node_modules/@chainlink/contracts/src/v0.6/VRF.sol:262 || lottery/node_modules/@chainlink/contracts/src/v0.6/VRF.sol:263 || lottery/node_modules/@chainlink/contracts/src/v0.6/VRF.sol:267 || lottery/node_modules/@chainlink/contracts/src/v0.6/VRF.sol:304 || lottery/node_modules/@chainlink/contracts/src/v0.6/VRF.sol:384 || lottery/node_modules/@chainlink/contracts/src/v0.6/VRF.sol:389 || lottery/node_modules/@chainlink/contracts/src/v0.6/VRF.sol:391 || lottery/node_modules/@chainlink/contracts/src/v0.6/VRF.sol:395 || lottery/node_modules/@chainlink/contracts/src/v0.6/VRF.sol:447 || lottery/node_modules/@chainlink/contracts/src/v0.8/dev/VRF.sol:58 || lottery/node_modules/@chainlink/contracts/src/v0.8/dev/VRF.sol:83 || lottery/node_modules/@chainlink/contracts/src/v0.8/dev/VRF.sol:266 || lottery/node_modules/@chainlink/contracts/src/v0.8/dev/VRF.sol:269 || lottery/node_modules/@chainlink/contracts/src/v0.8/dev/VRF.sol:270 || lottery/node_modules/@chainlink/contracts/src/v0.8/dev/VRF.sol:274 || lottery/node_modules/@chainlink/contracts/src/v0.8/dev/VRF.sol:323 || lottery/node_modules/@chainlink/contracts/src/v0.8/dev/VRF.sol:425 || lottery/node_modules/@chainlink/contracts/src/v0.8/dev/VRF.sol:433 || lottery/node_modules/@chainlink/contracts/src/v0.8/dev/VRF.sol:435 || lottery/node_modules/@chainlink/contracts/src/v0.8/dev/VRF.sol:439 || lottery/node_modules/@chainlink/contracts/src/v0.8/dev/VRF.sol:499
https://github.com/ZeroSum24/Codigo-Hub,smart_contracts/identity/contracts/identity.sol:69 || smart_contracts/identity/contracts/identity.sol:91
https://github.com/zeus-fyi/defi,contracts/DexBrokerage.sol:126 || contracts/DexBrokerage.sol:177 || contracts/DexBrokerage.sol:178 || contracts/Exchange.sol:81 || contracts/Exchange.sol:109 || contracts/Exchange.sol:113 || contracts/Mopayd.sol:117 || contracts/Mopayd.sol:148 || contracts/Mopayd.sol:175
