https://github.com/reflexer-labs/geb-keeper-flash-proxy,src/uni/v2/UniswapV2Pair.sol:130
https://github.com/shl0ms/CAR-contracts,contracts/ERC712Domain.sol:33
https://github.com/WOM-Protocol/Ethereum-DutchAuction,contracts/DutchAuction/SecondPriceAuction.sol:418 || contracts/DutchAuction/SecondPriceAuction.sol:439
https://github.com/zinato/AuctionSmartContract,smartcontract/ProjectWyvernExchange/WyvernExchange.sol:667 || smartcontract/ProjectWyvernExchange/WyvernExchange.sol:686
https://github.com/zinato/AuctionSmartContract,smartcontract/ProjectWyvernExchange/WyvernExchange.sol:667 || smartcontract/ProjectWyvernExchange/WyvernExchange.sol:686
https://github.com/Apoorav29/SmartContract_Auctions,contracts/usingOraclize.sol:1153
