Hsiang-xxs/Auction,https://github.com/Hsiang-xxs/Auction,,,,,,,,,,,
avolabs-io/nft-auction,https://github.com/avolabs-io/nft-auction,,,,,,,,,,,
pocketinns/PocketinnsContracts,https://github.com/pocketinns/PocketinnsContracts,,,,,,,,,,,
ShreeVishwa/Auction,https://github.com/ShreeVishwa/Auction,,,,,,,,,,,
yieldprotocol/yield-liquidator-v2,https://github.com/yieldprotocol/yield-liquidator-v2,,,,,,,,,,,
XLNT/auction-contracts,https://github.com/XLNT/auction-contracts,,,,,,,,,,,
techwithtim/Solidity-NFT-Auction,https://github.com/techwithtim/Solidity-NFT-Auction,,,,,,,,,,,
fetchai/staking-contract,https://github.com/fetchai/staking-contract,,,,,,,,,,,
0xAlchemist/flow-auction,https://github.com/0xAlchemist/flow-auction,,,,,,,,,,,
penny-auction/smart-contract,https://github.com/penny-auction/smart-contract,,,,,,,,,,,
baedrik/SCRT-sealed-bid-auction,https://github.com/baedrik/SCRT-sealed-bid-auction,,,,,,,,,,,
upandey3/Ethereum-SmartContract,https://github.com/upandey3/Ethereum-SmartContract,,,src/js/web3.min.js:2,src/js/web3.min.js:2,,,,,src/js/web3.min.js:2,src/js/web3.min.js:2,
reflexer-labs/geb-keeper-flash-proxy,https://github.com/reflexer-labs/geb-keeper-flash-proxy,,,,,,,,,,,src/uni/v2/UniswapV2Pair.sol:130
LorranSutter/Auction-Smart-Contract,https://github.com/LorranSutter/Auction-Smart-Contract,,,,,,,,,,,
that83/auction-as,https://github.com/that83/auction-as,,,,,,,,,,,
josephmartinmoran/NFT_Auctions,https://github.com/josephmartinmoran/NFT_Auctions,,,,,,,,,,,
Canonical-LLC/Genesis-Auction-House,https://github.com/Canonical-LLC/Genesis-Auction-House,,,,,,,,,,,
Nimish-M/Auction-SmartContract,https://github.com/Nimish-M/Auction-SmartContract,,,,,,,,,,,
shl0ms/CAR-contracts,https://github.com/shl0ms/CAR-contracts,,test/Auction.test.ts:83,,,,,,,,,contracts/ERC712Domain.sol:33
samyukthagopalsamy/AuctionSmartContract,https://github.com/samyukthagopalsamy/AuctionSmartContract,,,,,,,,,,,
HSG88/VickreyAuction,https://github.com/HSG88/VickreyAuction,,,,,,,,,,,
gsofter/nft-auction-contracts,https://github.com/gsofter/nft-auction-contracts,,,,,,,,,,,
anistark/smart-contracts-demo,https://github.com/anistark/smart-contracts-demo,,,,,,,,,,,
WOM-Protocol/Ethereum-DutchAuction,https://github.com/WOM-Protocol/Ethereum-DutchAuction,,,,,,,,,test/Auction/testAdmin.js:101 || test/Auction/testContribution.js:32 || test/Auction/testRefund.js:33 || test/Vesting/testAdmin.js:91 || test/Vesting/testTokenVesting.js:91,,contracts/DutchAuction/SecondPriceAuction.sol:418 || contracts/DutchAuction/SecondPriceAuction.sol:439
trungduyen0220/smart-contracts-auction,https://github.com/trungduyen0220/smart-contracts-auction,,,,,,,,,,,
ninedragonlabs/eth-auction-smart-contract,https://github.com/ninedragonlabs/eth-auction-smart-contract,,,,,,,,,,,
MrRobot2001/AuctionContract,https://github.com/MrRobot2001/AuctionContract,,,,,,,,,,,
Rama-007/Combinatorial-auction-using-Smart-Contract,https://github.com/Rama-007/Combinatorial-auction-using-Smart-Contract,,,,,,,,,,,
raks0078/smartcontract-kickstarter-,https://github.com/raks0078/smartcontract-kickstarter-,,,,,,,,,,,
hyperfekt/ethereum-auctions,https://github.com/hyperfekt/ethereum-auctions,,,,,,,,,,,
githubpps/Auction-smart-contract,https://github.com/githubpps/Auction-smart-contract,,,,,,,,,,,
R0bertDenir0/auctionSmartContract,https://github.com/R0bertDenir0/auctionSmartContract,,,,,,,,,,,
Omprakash8198/Auction_SmartContract_Blockchain,https://github.com/Omprakash8198/Auction_SmartContract_Blockchain,,,,,,,,,,,
liu-zhipeng/auction-contracts,https://github.com/liu-zhipeng/auction-contracts,,,,,,,,,,,
rubenalbi/auction-smart-contract,https://github.com/rubenalbi/auction-smart-contract,,,,,,,,,,,
kshitij0-0/Auction-on-Solidity,https://github.com/kshitij0-0/Auction-on-Solidity,,,,,,,,,,,
yychen-code/Simple-Auction-Smart-Contract-,https://github.com/yychen-code/Simple-Auction-Smart-Contract-,,,,,,,,,,,
jaimebunay/simple_open_auction,https://github.com/jaimebunay/simple_open_auction,,,,,,,,,,,
apoxes/auction-app,https://github.com/apoxes/auction-app,,,,,,,,,,,
sylvainSUPINTERNET/smart-auctionHouse,https://github.com/sylvainSUPINTERNET/smart-auctionHouse,,,,,,,,,,,
mateoKutnjak/auction,https://github.com/mateoKutnjak/auction,,,src/js/web3.min.js:1,src/js/web3.min.js:1,,,,,src/js/web3.min.js:1,src/js/web3.min.js:1,
astasovsky/Auction,https://github.com/astasovsky/Auction,,,,,,,,,,,
devrdias/AuctionContract,https://github.com/devrdias/AuctionContract,,,,,,,,,,,
alohamora/AuctionSmartContract,https://github.com/alohamora/AuctionSmartContract,,,,,,,,,,,
BartekJachowicz/Auction-platform,https://github.com/BartekJachowicz/Auction-platform/,,,,,,,,,,,
Simecekk/AuctionSmartContract,https://github.com/Simecekk/AuctionSmartContract,,,,,,,,,,,
zinato/AuctionSmartContract,https://github.com/zinato/AuctionSmartContract,,,,,,,,,,,smartcontract/ProjectWyvernExchange/WyvernExchange.sol:667 || smartcontract/ProjectWyvernExchange/WyvernExchange.sol:686
mohitkumartoshniwal/AuctionSmartContract,https://github.com/mohitkumartoshniwal/AuctionSmartContract,,,,,,,,,,,
vaibs28/AuctionSmartContract,https://github.com/vaibs28/AuctionSmartContract,,,,,,,,,,,
zinato/AuctionSmartContract,https://github.com/zinato/AuctionSmartContract,,,,,,,,,,,smartcontract/ProjectWyvernExchange/WyvernExchange.sol:667 || smartcontract/ProjectWyvernExchange/WyvernExchange.sol:686
DylanOwens-Dev/auctionSmartContract,https://github.com/DylanOwens-Dev/auctionSmartContract,,,,,,,,,,,
ProfesorReis/AuctionSmartContract,https://github.com/ProfesorReis/AuctionSmartContract,,,,,,,,,,,
michaelhly/cdp-auction-contracts,https://github.com/michaelhly/cdp-auction-contracts,,,,,,,,,,,
jchanunhs/SimpleAuctionSmartContract,https://github.com/jchanunhs/SimpleAuctionSmartContract,,,,,,,,,,,
rahul70392/Pocketinns,https://github.com/rahul70392/Pocketinns,,,,,,,,,,,
kabl/speculator-auction,https://github.com/kabl/speculator-auction,,,,,,,,,,,
JacobJ215/martian-auction,https://github.com/JacobJ215/martian-auction,,,,,,,,,,,
deRemo/smartAuction,https://github.com/deRemo/smartAuction,,,,,,,,,,,
Apoorav29/SmartContract_Auctions,https://github.com/Apoorav29/SmartContract_Auctions,,,,,,,,,,,contracts/usingOraclize.sol:1153
Alexandre-MRG/Ethereum-SmartContract-Auctions,https://github.com/Alexandre-MRG/Ethereum-SmartContract-Auctions,,,,,,,,,,,
memez-michalek/Solidity-Auction-SmartContract,https://github.com/memez-michalek/Solidity-Auction-SmartContract,,,,,,,,,,,
NobleTuna/SmartContract_Practice_Auction,https://github.com/NobleTuna/SmartContract_Practice_Auction,,,,,,,,,,,
KevinH2810/dutchAuction-smartContract,https://github.com/KevinH2810/dutchAuction-smartContract,,,,,,,,,,,
Kunalgarg2100/Auction-SmartContract,https://github.com/Kunalgarg2100/Auction-SmartContract,,,,,,,,,,,
AnishGG/Auction-SmartContract,https://github.com/AnishGG/Auction-SmartContract,,,,,,,,,,,
mourya317-EthereumDapps/Auction-SmartContract,https://github.com/mourya317-EthereumDapps/Auction-SmartContract,,,,,,,,,,,
AshwiniRangnekar/SmartContract-Auction,https://github.com/AshwiniRangnekar/SmartContract-Auction,,,,,,,,,,,
Diegoescalonaro/Auction-SmartContract,https://github.com/Diegoescalonaro/Auction-SmartContract,,,,,,,,,,,
LalaYun/NFT_AuctionContract,https://github.com/LalaYun/NFT_AuctionContract,,,,,,,,,,,
Cezar-X/cezarx,https://github.com/Cezar-X/cezarx,,,,,,,,,,,
leo-cube/Auction-Transfer_Ownership-Solidity-Smart-Contract,https://github.com/leo-cube/Auction-Transfer_Ownership-Solidity-Smart-Contract,,,,,,,,,,,
AlexeyInc/NewsTokenERC20_Auction,https://github.com/AlexeyInc/NewsTokenERC20_Auction,,,,,,,,,,,
eherrador/auctionsubgraph,https://github.com/eherrador/auctionsubgraph,,,,,,,,,,,
AuxPlatform/auction-contracts,https://github.com/AuxPlatform/auction-contracts,,,,,,,,,,,
consynor/Auction-Smart-Contract-UI,https://github.com/consynor/Auction-Smart-Contract-UI,,,,,,,,,,,
vasasharath/Auction-Smart-Contract,https://github.com/vasasharath/Auction-Smart-Contract,,,,,,,,,,,
datazen07/Auction-Smart-contract,https://github.com/datazen07/Auction-Smart-contract,,,,,,,,,,,
MahmoudAlyy/Blind-Auction-Smart-Contract,https://github.com/MahmoudAlyy/Blind-Auction-Smart-Contract,,,,,,,,,,,
jganobsik/Auction-Contract,https://github.com/jganobsik/Auction-Contract,,,,,,,,,,,
Harshad1863/Auction_Smart_contract,https://github.com/Harshad1863/Auction_Smart_contract,,,,,,,,,,,
shantanhunt/Simple-Farmer-Auction-on-Ethereum-Blockchain,https://github.com/shantanhunt/Simple-Farmer-Auction-on-Ethereum-Blockchain,,,,,,,,,,,
calistus-igwilo/smart-contract-auction,https://github.com/calistus-igwilo/smart-contract-auction,,,,,,,,,,,
andrescrd/auction-smart-contract,https://github.com/andrescrd/auction-smart-contract,,,,,,,,,,,
tassisa/AuctionApp,https://github.com/tassisa/AuctionApp,,,,,,,,,,,
ChenYizhu97/AuctionDapp,https://github.com/ChenYizhu97/AuctionDapp,,,,,,,,,,,
anas-hamed/Blind-Auction-Smart-Contract,https://github.com/anas-hamed/Blind-Auction-Smart-Contract,,,,,,,,,,,
basharat949/Auction_Smart_contract,https://github.com/basharat949/Auction_Smart_contract,,,,,,,,,,,
Acp-Pradhyuman/auction-smart-contracts-,https://github.com/Acp-Pradhyuman/auction-smart-contracts-,,,,,,,,,,,
LkingForW/Solidity_Auction_Smart_Contract,https://github.com/LkingForW/Solidity_Auction_Smart_Contract,,,,,,,,,,,
mannyiagbayani/auction-smart-contract,https://github.com/mannyiagbayani/auction-smart-contract,,,,,,,,,,,
Krishduttm/auction-smart_contract,https://github.com/Krishduttm/auction-smart_contract,,,,,,,,,,,
Islandersfan2016/Auction-Smart-Contract,https://github.com/Islandersfan2016/Auction-Smart-Contract,,,,,,,,,,,
kimiti/The-Auction-Smart-Contract,https://github.com/kimiti/The-Auction-Smart-Contract,,,,,,,,,,,
kimiti/The-Auction-Smart-Contract,https://github.com/kimiti/The-Auction-Smart-Contract,,,,,,,,,,,
fatmasherif98/Auction-Smart-Contract,https://github.com/fatmasherif98/Auction-Smart-Contract,,,,,,,,,,,
AbdulrahmanMasoud/auction-smart-contract,https://github.com/AbdulrahmanMasoud/auction-smart-contract,,,,,,,,,,,
karthikchintapalli/auction-smart-contract,https://github.com/karthikchintapalli/auction-smart-contract,,,,,,,,,,,
bhakti0302/Smart-Contract--Auction,https://github.com/bhakti0302/Smart-Contract--Auction.sol,,
seanmayer/Auction-Smart-Contract,https://github.com/seanmayer/Auction-Smart-Contract,,,,,,,,,,,