https://github.com/1Hive/dxswap-core,contracts/DXswapERC20.sol:90
https://github.com/AugurProject/augur,packages/augur-core/src/contracts/0x/coordinator/contracts/src/MixinSignatureValidator.sol:76 || packages/augur-core/src/contracts/0x/coordinator/contracts/src/MixinSignatureValidator.sol:92 || packages/augur-core/src/contracts/0x/exchange/contracts/src/MixinSignatureValidator.sol:299 || packages/augur-core/src/contracts/0x/exchange/contracts/src/MixinSignatureValidator.sol:315 || packages/augur-core/src/contracts/0x/exchange/contracts/src/MixinSignatureValidator.sol:376 || packages/augur-core/src/contracts/AugurWallet.sol:126 || packages/augur-core/src/contracts/gsn/v1/ECDSA.sol:15 || packages/augur-core/src/contracts/gsn/v1/ECDSA.sol:40 || packages/augur-core/src/contracts/gsn/v1/ECDSA.sol:49 || packages/augur-core/src/contracts/gsn/v1/ECDSA.sol:67 || packages/augur-core/src/contracts/gsn/v1/GsnUtils.sol:46 || packages/augur-core/src/contracts/gsn/v2/Penalizer.sol:54 || packages/augur-core/src/contracts/gsn/v2/Penalizer.sol:92 || packages/augur-core/src/contracts/reporting/AffiliateValidator.sol:63 || packages/augur-core/src/contracts/uniswap/UniswapV2ERC20.sol:90
https://github.com/AugurProject/augur-core,tests/solidity_test_helpers/ZeroX/ZeroXPoC.sol:390
https://github.com/clrfund/monorepo,contracts/contracts/userRegistry/BrightIdUserRegistry.sol:36 || contracts/contracts/userRegistry/BrightIdUserRegistry.sol:59 || contracts/contracts/userRegistry/BrightIdUserRegistry.sol:115
https://github.com/EtherealEngine/Blockchain-in-a-Box,packages/api/contracts/CurrencyProxy.sol:99 || packages/api/contracts/InventoryProxy.sol:93
https://github.com/harmony-one/dapp-examples,nodejs/contracts/cryptography/ECDSA.sol:6 || nodejs/contracts/cryptography/ECDSA.sol:27 || nodejs/contracts/cryptography/ECDSA.sol:36 || nodejs/contracts/cryptography/ECDSA.sol:54
https://github.com/JeyDev310/blockchain-dapp-samples,erc20-joy-token/test/fork/test/uniswapV2/UniswapV2ERC20.sol:91
https://github.com/kompressordoteth/brotdao-d0,contracts/polybreadtoken.sol:116
https://github.com/mackbowes/swdao-frontend,packages/contracts/contracts/libraries/ERC20Permit.sol:60 || packages/contracts/contracts/mocks/UniswapV2ERC20.sol:125
https://github.com/opengsn/gsn,packages/contracts/src/Penalizer.sol:145 || packages/contracts/src/Penalizer.sol:198
https://github.com/rebase-network/UniswapV3-Learning,uniswap-v3-periphery/contracts/base/ERC721Permit.sol:79 || uniswap-v3-periphery/contracts/test/TestPositionNFTOwner.sol:22
https://github.com/singnet/airdrop-dapp,contract/airdrop-contract/sol/SingularityAirdrop.sol:102
https://github.com/singnet/loyalty-rewards-dapp,contract/airdrop-contract/sol/SingularityAirdrop.sol:102
https://github.com/singnet/nunet-occam-airdrop-dapp,contract/occam-contract/sol/SingularityAirdrop.sol:95 || contract/occam-contract/sol/SingularityAirdrop.sol:117 || contract/occam-contract/sol/SingularityAirdrop.sol:151
https://github.com/sirenmarkets/core,contracts/governance/GovernorAlpha.sol:408 || contracts/governance/SirenToken.sol:225 || contracts/governance/SirenToken.sol:241 || contracts/swap/Light.sol:309
https://github.com/svstoll/ethereum-lottery-app,ethereum/contracts/oraclizeAPI.sol:1246
https://github.com/tasitlabs/tasit-sdk,packages/contracts/contracts/5/3rd-parties/gnosis-safe/GnosisSafe.sol:251 || packages/contracts/contracts/5/3rd-parties/gnosis-safe/GnosisSafe.sol:252 || packages/contracts/contracts/5/3rd-parties/gnosis-safe/GnosisSafe.sol:254 || packages/contracts/contracts/5/3rd-parties/gnosis-safe/GnosisSafe.sol:255 || packages/contracts/contracts/5/3rd-parties/gnosis-safe/common/SignatureDecoder.sol:26
https://github.com/Troublor/darcher,packages/darcher-examples/etheroll/contracts/contracts/Etheroll.sol:964
https://github.com/ubiquity/uad-contracts,contracts/ERC20Ubiquity.sol:142
https://github.com/uniqys/UniqysKit,packages/event-provider/ethereum/contracts/Uniqys.sol:71 || packages/event-provider/ethereum/contracts/ValidatorSet.sol:76
https://github.com/valyndsilva/web3-dapp-crypto-lottery,contract/node_modules/@openzeppelin/contracts/utils/cryptography/ECDSA.sol:39 || contract/node_modules/@openzeppelin/contracts/utils/cryptography/ECDSA.sol:60 || contract/node_modules/@openzeppelin/contracts/utils/cryptography/ECDSA.sol:78 || contract/node_modules/@openzeppelin/contracts/utils/cryptography/ECDSA.sol:138 || contract/node_modules/@openzeppelin/contracts/utils/cryptography/ECDSA.sol:152
https://github.com/wagmi-dev/viem,test/contracts/lib/forge-std/test/StdCheats.t.sol:80 || test/contracts/src/DeploylessUniversalSigValidator.sol:40 || test/contracts/src/DeploylessUniversalSigValidator.sol:65 || test/contracts/src/DeploylessUniversalSigValidator.sol:82 || test/contracts/src/OffchainLookupExample.sol:45
https://github.com/wBanano/wban-dApp,contracts/WBANToken.sol:109
