ankitkataria/Lottery-DApp,https://github.com/ankitkataria/Lottery-DApp.git,,,,,,,,,,,
MineCoinChain/LotteryByETH,https://github.com/MineCoinChain/LotteryByETH.git,,,,,,,,,,,
wangshijun/ethereum-lottery-dapp,https://github.com/wangshijun/ethereum-lottery-dapp.git,,,,,,,,,,,
HashFairGames/TheEthereumLottery,https://github.com/HashFairGames/TheEthereumLottery.git,,,,,,,,,,,
rohitsethii/LotteryDapp,https://github.com/rohitsethii/LotteryDapp.git,,,public/js/web3.min.js:1,public/js/web3.min.js:1,,,,,public/js/web3.min.js:1,public/js/web3.min.js:1,
mds1/lottery-dapp-template,https://github.com/mds1/lottery-dapp-template.git,,,,,,,,,,,src/ethereum/truffle/contracts/Lottery.sol:1150
senacor/SmartContractSlackDapp,https://github.com/senacor/SmartContractSlackDapp.git,,,,,,,,,,,
loki-sama/solidity-lottery,https://github.com/loki-sama/solidity-lottery.git,,,,,,,,,,,
paragchirde/vue-ethereum-lottery-dapp,https://github.com/paragchirde/vue-ethereum-lottery-dapp.git,,,dist/js/chunk-vendors.acee7759.js:18 || dist/js/chunk-vendors.acee7759.js:45,dist/js/chunk-vendors.acee7759.js:66,,,,,dist/js/chunk-vendors.acee7759.js:18 || dist/js/chunk-vendors.acee7759.js:45,dist/js/chunk-vendors.acee7759.js:66,
Parsh/Lottery-DApp,https://github.com/Parsh/Lottery-DApp.git,,,,,,,,,,,
itxtoledo/lottery-dapp,https://github.com/itxtoledo/lottery-dapp.git,,,,,,,,,,,
xieyueshu/Lottery,https://github.com/xieyueshu/Lottery.git,,,,,,,,,,,
madhavtripathi05/dapp-lottery,https://github.com/madhavtripathi05/dapp-lottery.git,,,,,,,,,,,
jimmychu0807/lottery-dapp,https://github.com/jimmychu0807/lottery-dapp.git,,,,,,,,,,,
jimmychu0807/lottery-dapp-www,https://github.com/jimmychu0807/lottery-dapp-www.git,,,,,,,,,,,
strange-labs-uk/ethereum-raffle,https://github.com/strange-labs-uk/ethereum-raffle.git,,,,,,,,,,,
lifelottery/lifelottery,https://github.com/lifelottery/lifelottery.github.io.git,,
SwJay/Lottery,https://github.com/SwJay/Lottery.git,,,backend/node_modules/_ethereumjs-util@5.2.0@ethereumjs-util/dist/index.js:379 || backend/node_modules/_ethereumjs-util@5.2.0@ethereumjs-util/dist/index.js:380 || backend/node_modules/_ethereumjs-util@5.2.0@ethereumjs-util/dist/index.js:410 || backend/node_modules/_ethereumjs-util@5.2.0@ethereumjs-util/dist/index.js:422 || backend/node_modules/_ethereumjs-util@5.2.0@ethereumjs-util/dist/index.js:428 || backend/node_modules/_ethereumjs-util@5.2.0@ethereumjs-util/dist/index.js:442 || backend/node_modules/_ethers@4.0.27@ethers/dist/ethers.js:12016 || backend/node_modules/_ethers@4.0.27@ethers/dist/ethers.js:12017 || backend/node_modules/_ethers@4.0.27@ethers/dist/ethers.js:12297 || backend/node_modules/_ethers@4.0.27@ethers/dist/ethers.js:12298 || backend/node_modules/_ethers@4.0.27@ethers/dist/ethers.min.js:1 || backend/node_modules/_ethers@4.0.27@ethers/dist/ethers.min.js:1 || backend/node_modules/_ethers@4.0.27@ethers/providers/json-rpc-provider.js:168 || backend/node_modules/_ethers@4.0.27@ethers/providers/json-rpc-provider.js:169 || backend/node_modules/_ethers@4.0.27@ethers/providers/web3-provider.js:53 || backend/node_modules/_ethers@4.0.27@ethers/providers/web3-provider.js:54 || backend/node_modules/_web3-core-method@1.0.0-beta.55@web3-core-method/dist/web3-core-method.cjs.js:1378 || backend/node_modules/_web3-core-method@1.0.0-beta.55@web3-core-method/dist/web3-core-method.esm.js:840 || backend/node_modules/_web3-core-method@1.0.0-beta.55@web3-core-method/dist/web3-core-method.umd.js:1376,backend/node_modules/_ethers@4.0.27@ethers/dist/ethers.js:12299 || backend/node_modules/_ethers@4.0.27@ethers/dist/ethers.js:12300 || backend/node_modules/_ethers@4.0.27@ethers/dist/ethers.min.js:1 || backend/node_modules/_ethers@4.0.27@ethers/providers/web3-provider.js:55 || backend/node_modules/_ethers@4.0.27@ethers/providers/web3-provider.js:56 || backend/node_modules/_web3-core-method@1.0.0-beta.55@web3-core-method/dist/web3-core-method.cjs.js:1577 || backend/node_modules/_web3-core-method@1.0.0-beta.55@web3-core-method/dist/web3-core-method.esm.js:959 || backend/node_modules/_web3-core-method@1.0.0-beta.55@web3-core-method/dist/web3-core-method.umd.js:1575,,,,backend/node_modules/_ethers@4.0.27@ethers/abstract-signer.d.ts:7 || backend/node_modules/_ethers@4.0.27@ethers/contract.d.ts:35 || backend/node_modules/_ethers@4.0.27@ethers/contract.js:49 || backend/node_modules/_ethers@4.0.27@ethers/contract.js:50 || backend/node_modules/_ethers@4.0.27@ethers/dist/ethers.js:97 || backend/node_modules/_ethers@4.0.27@ethers/dist/ethers.js:98 || backend/node_modules/_ethers@4.0.27@ethers/dist/ethers.js:12012 || backend/node_modules/_ethers@4.0.27@ethers/dist/ethers.js:17110 || backend/node_modules/_ethers@4.0.27@ethers/dist/ethers.min.js:1 || backend/node_modules/_ethers@4.0.27@ethers/dist/ethers.min.js:1 || backend/node_modules/_ethers@4.0.27@ethers/dist/ethers.min.js:1 || backend/node_modules/_ethers@4.0.27@ethers/dist/ethers.min.js:1 || backend/node_modules/_ethers@4.0.27@ethers/providers/json-rpc-provider.d.ts:18 || backend/node_modules/_ethers@4.0.27@ethers/providers/json-rpc-provider.js:164 || backend/node_modules/_ethers@4.0.27@ethers/wallet.d.ts:24 || backend/node_modules/_ethers@4.0.27@ethers/wallet.js:89,backend/node_modules/_ethereumjs-util@5.2.0@ethereumjs-util/dist/index.js:379 || backend/node_modules/_ethereumjs-util@5.2.0@ethereumjs-util/dist/index.js:380 || backend/node_modules/_ethereumjs-util@5.2.0@ethereumjs-util/dist/index.js:410 || backend/node_modules/_ethereumjs-util@5.2.0@ethereumjs-util/dist/index.js:422 || backend/node_modules/_ethereumjs-util@5.2.0@ethereumjs-util/dist/index.js:428 || backend/node_modules/_ethereumjs-util@5.2.0@ethereumjs-util/dist/index.js:442 || backend/node_modules/_ethers@4.0.27@ethers/dist/ethers.js:12016 || backend/node_modules/_ethers@4.0.27@ethers/dist/ethers.js:12017 || backend/node_modules/_ethers@4.0.27@ethers/dist/ethers.js:12297 || backend/node_modules/_ethers@4.0.27@ethers/dist/ethers.js:12298 || backend/node_modules/_ethers@4.0.27@ethers/dist/ethers.min.js:1 || backend/node_modules/_ethers@4.0.27@ethers/dist/ethers.min.js:1 || backend/node_modules/_ethers@4.0.27@ethers/providers/json-rpc-provider.js:168 || backend/node_modules/_ethers@4.0.27@ethers/providers/json-rpc-provider.js:169 || backend/node_modules/_ethers@4.0.27@ethers/providers/web3-provider.js:53 || backend/node_modules/_ethers@4.0.27@ethers/providers/web3-provider.js:54 || backend/node_modules/_web3-core-method@1.0.0-beta.55@web3-core-method/dist/web3-core-method.cjs.js:1378 || backend/node_modules/_web3-core-method@1.0.0-beta.55@web3-core-method/dist/web3-core-method.esm.js:840 || backend/node_modules/_web3-core-method@1.0.0-beta.55@web3-core-method/dist/web3-core-method.umd.js:1376,backend/node_modules/_ethers@4.0.27@ethers/dist/ethers.js:12299 || backend/node_modules/_ethers@4.0.27@ethers/dist/ethers.js:12300 || backend/node_modules/_ethers@4.0.27@ethers/dist/ethers.min.js:1 || backend/node_modules/_ethers@4.0.27@ethers/providers/web3-provider.js:55 || backend/node_modules/_ethers@4.0.27@ethers/providers/web3-provider.js:56 || backend/node_modules/_web3-core-method@1.0.0-beta.55@web3-core-method/dist/web3-core-method.cjs.js:1577 || backend/node_modules/_web3-core-method@1.0.0-beta.55@web3-core-method/dist/web3-core-method.esm.js:959 || backend/node_modules/_web3-core-method@1.0.0-beta.55@web3-core-method/dist/web3-core-method.umd.js:1575,
Cryptolotto/Cryptolotto,https://github.com/Cryptolotto/Cryptolotto.git,,,,,,,,,,,
jimmychu0807/lottery-dapp-truffle,https://github.com/jimmychu0807/lottery-dapp-truffle.git,,,,,,,,,,,
100th-Monkey/TRON-Monkey,https://github.com/100th-Monkey/TRON-Monkey.git,,,,,,,,,,,
Smartlinkhub/Lottery,https://github.com/Smartlinkhub/Lottery.git,,,,,,,,,,,
svstoll/ethereum-lottery-app,https://github.com/svstoll/ethereum-lottery-app.git,,,,,,,,,,,ethereum/contracts/oraclizeAPI.sol:1246
alexscheitlin/lottery-dapp,https://github.com/alexscheitlin/lottery-dapp.git,,,,,,,,,,,
HydroBlockchain/lottery-dapp,https://github.com/HydroBlockchain/lottery-dapp.git,,,,,,,,client/src/utils/web3React.ts:38 || client/src/utils/web3React.ts:54,,,
karthikeya-kotegar/Lottery-Dapp,https://github.com/karthikeya-kotegar/Lottery-Dapp.git,,,,,,,,,,,
WaykiChain/DAPP-WaykiBet-And,https://github.com/WaykiChain/DAPP-WaykiBet-And.git,,,,,,,,,,,
maxaleks/lotteryDapp,https://github.com/maxaleks/lotteryDapp.git,,,,,,,,,,,
SpasiboKojima/DApp-Lotto,https://github.com/SpasiboKojima/DApp-Lotto.git,,,,,,,,,,,contracts/MultiSig.sol:36 || contracts/oraclizeAPI.sol:948
OlexandrSai/NEAR--sample-lottery-frontend,https://github.com/OlexandrSai/NEAR--sample-lottery-frontend.git,,,,,,,,,,,
freechainer/Ethereum_Lottery,https://github.com/freechainer/Ethereum_Lottery.git,,,,,,,,,,,
nGoline/ether-lotto,https://github.com/nGoline/ether-lotto.git,,,web/build/js/app.min.js:1,web/build/js/app.min.js:1,,,,,web/build/js/app.min.js:1,web/build/js/app.min.js:1,
nisib/ethereum-lottery-dapp,https://github.com/nisib/ethereum-lottery-dapp.git,,,,,,,,,,,
DappsLab/DappsLab-SmartContracts,https://github.com/DappsLab/DappsLab-SmartContracts.git,,,,,,,,,ZKCP.js:11,,archivedContracts/IotFirmwareUpdate.sol:177 || archivedContracts/IotFirmwareUpdate.sol:196 || archivedContracts/contracts/utils/cryptography/ECDSA.sol:38 || archivedContracts/contracts/utils/cryptography/ECDSA.sol:62 || archivedContracts/contracts/utils/cryptography/ECDSA.sol:73 || archivedContracts/contracts/utils/cryptography/ECDSA.sol:89 || archivedContracts/contracts/utils/cryptography/ECDSA.sol:153 || archivedContracts/contracts/utils/cryptography/ECDSA.sol:170 || openzeppelin/contracts/utils/cryptography/ECDSA.sol:38 || openzeppelin/contracts/utils/cryptography/ECDSA.sol:62 || openzeppelin/contracts/utils/cryptography/ECDSA.sol:73 || openzeppelin/contracts/utils/cryptography/ECDSA.sol:89 || openzeppelin/contracts/utils/cryptography/ECDSA.sol:153 || openzeppelin/contracts/utils/cryptography/ECDSA.sol:170
Zy1920/lottery_dapp,https://github.com/Zy1920/lottery_dapp.git,,,,,,,,,,,
link78/plutus-bluesky,https://github.com/link78/plutus-bluesky.git,,,,,,,,,,,
niyas/lottery-dapp-ethereum,https://github.com/niyas/lottery-dapp-ethereum.git,,,,,,,,,,,
xiaoping378/dappswin,https://github.com/xiaoping378/dappswin.git,,,,,,,,,,,
gyr0tron/Ethereum_Lottery,https://github.com/gyr0tron/Ethereum_Lottery.git,,,,,,,,,,,
EeshanDutta007/Lottery-Blockchain,https://github.com/EeshanDutta007/Lottery-Blockchain.git,,,,,,,,,,,
Lu1z-Gust4v0/Dapp-Lottery,https://github.com/Lu1z-Gust4v0/Dapp-Lottery.git,,,,,,,,,,,
cchencool/LuckyYou,https://github.com/cchencool/LuckyYou.git,,,,,,,,,,,
cislab-yzu/LotteryDApp,https://github.com/cislab-yzu/LotteryDApp.git,,,,,,,,,,,
liucuncong/Lottery-eth,https://github.com/liucuncong/Lottery-eth.git,,,,,,,,,,,
rounakdatta/eth-lottery,https://github.com/rounakdatta/eth-lottery.git,,,,,,,,,,,
berkerol/lottery,https://github.com/berkerol/lottery.git,,,,,,,,,,,
amalcaraz/nuls-smart-lottery-dapp,https://github.com/amalcaraz/nuls-smart-lottery-dapp.git,,,,,,,,,,,
behagoras/lottery-dapp,https://github.com/behagoras/lottery-dapp.git,,,,,,,,,,,
viannaandreBR/Dapp-Ethereum-Lottery-Contract,https://github.com/viannaandreBR/Dapp-Ethereum-Lottery-Contract.git,,,,,,,,,,,
AnshuJalan/tezos-lottery,https://github.com/AnshuJalan/tezos-lottery.git,,
yupeng528/tron-dapp-lottery,https://github.com/yupeng528/tron-dapp-lottery.git,,
duyyudus/megaloop-lottery,https://github.com/duyyudus/megaloop-lottery.git,,,,,,,,,,,
mr-fool/Lottery,https://github.com/mr-fool/Lottery.git,,,,,,,,,,,
tomnyson/lottery,https://github.com/tomnyson/lottery.git,,,,,,,,,,,
thelonehegelian/1_lottery,https://github.com/thelonehegelian/1_lottery.git,,,,,,,,,,,
sumitdevtech/smartcontract-lottery,https://github.com/sumitdevtech/smartcontract-lottery.git,,,,,,,,,,,
gumdropsteve/Lottery,https://github.com/gumdropsteve/Lottery.git,,,,,,,,,,,
sdardew/lottery-smart-contract,https://github.com/sdardew/lottery-smart-contract.git,,,,,,,,,,,
jooo0ooo/lottery-dapp,https://github.com/jooo0ooo/lottery-dapp.git,,,,,,,,,,,
watadarkstar/solidity-lottery,https://github.com/watadarkstar/solidity-lottery.git,,,,,,,,,,,
WangShayne/lottery,https://github.com/WangShayne/lottery.git,,,,,,,,,,,
gokceoter/piyango,https://github.com/gokceoter/piyango.git,,,,,,,,,,,
annie1004619/lottery-dapp,https://github.com/annie1004619/lottery-dapp.git,,,,,,,,,,,
dmotz/ether-tontine,https://github.com/dmotz/ether-tontine.git,,,,,,,,,,,
tkddls8848/Lottery,https://github.com/tkddls8848/Lottery.git,,,,,,,,,,,
Tharinducs/Lottery,https://github.com/Tharinducs/Lottery.git,,ethereum/node_modules/ganache-cli/build/cli.node.js:65 || ethereum/node_modules/ganache-cli/build/cli.node.js:65 || ethereum/node_modules/ganache-cli/build/cli.node.js:149 || ethereum/node_modules/ganache-cli/build/cli.node.js:149 || ethereum/node_modules/ganache-cli/build/cli.node.js:149 || ethereum/node_modules/ganache-cli/build/cli.node.js:149 || ethereum/node_modules/ganache-cli/build/lib.node.js:64 || ethereum/node_modules/ganache-cli/build/lib.node.js:64 || ethereum/node_modules/ganache-cli/build/lib.node.js:148 || ethereum/node_modules/ganache-cli/build/lib.node.js:148 || ethereum/node_modules/ganache-cli/build/lib.node.js:148 || ethereum/node_modules/ganache-cli/build/lib.node.js:148 || ethereum/node_modules/ganache-cli/build/provider.node.js:36 || ethereum/node_modules/ganache-cli/build/provider.node.js:36 || ethereum/node_modules/ganache-cli/build/provider.node.js:120 || ethereum/node_modules/ganache-cli/build/provider.node.js:120 || ethereum/node_modules/ganache-cli/build/provider.node.js:120 || ethereum/node_modules/ganache-cli/build/provider.node.js:120 || ethereum/node_modules/ganache-cli/build/server.node.js:64 || ethereum/node_modules/ganache-cli/build/server.node.js:64 || ethereum/node_modules/ganache-cli/build/server.node.js:148 || ethereum/node_modules/ganache-cli/build/server.node.js:148 || ethereum/node_modules/ganache-cli/build/server.node.js:148 || ethereum/node_modules/ganache-cli/build/server.node.js:148,ethereum/node_modules/ethereumjs-util/dist/index.js:379 || ethereum/node_modules/ethereumjs-util/dist/index.js:380 || ethereum/node_modules/ethereumjs-util/dist/index.js:410 || ethereum/node_modules/ethereumjs-util/dist/index.js:422 || ethereum/node_modules/ethereumjs-util/dist/index.js:428 || ethereum/node_modules/ethereumjs-util/dist/index.js:442 || ethereum/node_modules/ganache-cli/build/cli.node.js:2 || ethereum/node_modules/ganache-cli/build/cli.node.js:106 || ethereum/node_modules/ganache-cli/build/cli.node.js:149 || ethereum/node_modules/ganache-cli/build/cli.node.js:149 || ethereum/node_modules/ganache-cli/build/cli.node.js:149 || ethereum/node_modules/ganache-cli/build/lib.node.js:1 || ethereum/node_modules/ganache-cli/build/lib.node.js:105 || ethereum/node_modules/ganache-cli/build/lib.node.js:148 || ethereum/node_modules/ganache-cli/build/lib.node.js:148 || ethereum/node_modules/ganache-cli/build/lib.node.js:148 || ethereum/node_modules/ganache-cli/build/provider.node.js:1 || ethereum/node_modules/ganache-cli/build/provider.node.js:77 || ethereum/node_modules/ganache-cli/build/provider.node.js:120 || ethereum/node_modules/ganache-cli/build/provider.node.js:120 || ethereum/node_modules/ganache-cli/build/provider.node.js:120 || ethereum/node_modules/ganache-cli/build/server.node.js:1 || ethereum/node_modules/ganache-cli/build/server.node.js:105 || ethereum/node_modules/ganache-cli/build/server.node.js:148 || ethereum/node_modules/ganache-cli/build/server.node.js:148 || ethereum/node_modules/ganache-cli/build/server.node.js:148 || ethereum/node_modules/merkle-patricia-tree/dist/trie.js:14139 || ethereum/node_modules/merkle-patricia-tree/dist/trie.js:14140 || ethereum/node_modules/merkle-patricia-tree/dist/trie.js:14170 || ethereum/node_modules/merkle-patricia-tree/dist/trie.js:14182 || ethereum/node_modules/merkle-patricia-tree/dist/trie.js:14188 || ethereum/node_modules/merkle-patricia-tree/dist/trie.js:14202 || ethereum/node_modules/truffle-hdwallet-provider/node_modules/web3/dist/web3-light.js:5340 || ethereum/node_modules/truffle-hdwallet-provider/node_modules/web3/dist/web3-light.min.js:2 || ethereum/node_modules/truffle-hdwallet-provider/node_modules/web3/dist/web3.js:5340 || ethereum/node_modules/truffle-hdwallet-provider/node_modules/web3/dist/web3.min.js:2 || ethereum/node_modules/truffle-hdwallet-provider/node_modules/web3/lib/web3/methods/eth.js:214 || ethereum/node_modules/web3-core-helpers/src/formatters.js:152 || ethereum/node_modules/web3-core-method/src/index.js:542 || ethereum/node_modules/web3-core-method/src/index.js:543 || ethereum/node_modules/web3-eth/src/index.js:330 || ethereum/node_modules/web3-provider-engine/dist/ProviderEngine.js:12493 || ethereum/node_modules/web3-provider-engine/dist/ProviderEngine.js:12501 || ethereum/node_modules/web3-provider-engine/dist/ProviderEngine.js:12507 || ethereum/node_modules/web3-provider-engine/dist/ProviderEngine.js:12516 || ethereum/node_modules/web3-provider-engine/dist/ProviderEngine.js:19905 || ethereum/node_modules/web3-provider-engine/dist/ZeroClientProvider.js:13150 || ethereum/node_modules/web3-provider-engine/dist/ZeroClientProvider.js:13158 || ethereum/node_modules/web3-provider-engine/dist/ZeroClientProvider.js:13164 || ethereum/node_modules/web3-provider-engine/dist/ZeroClientProvider.js:13173 || ethereum/node_modules/web3-provider-engine/dist/ZeroClientProvider.js:21737 || ethereum/node_modules/web3-provider-engine/dist/ZeroClientProvider.js:21787 || ethereum/node_modules/web3-provider-engine/dist/ZeroClientProvider.js:22321 || ethereum/node_modules/web3-provider-engine/node_modules/web3/dist/web3-light.js:5286 || ethereum/node_modules/web3-provider-engine/node_modules/web3/dist/web3-light.min.js:2 || ethereum/node_modules/web3-provider-engine/node_modules/web3/dist/web3.js:5286 || ethereum/node_modules/web3-provider-engine/node_modules/web3/dist/web3.min.js:2 || ethereum/node_modules/web3-provider-engine/node_modules/web3/lib/web3/methods/eth.js:207 || ethereum/node_modules/web3-provider-engine/subproviders/hooked-wallet.js:22 || ethereum/node_modules/web3-provider-engine/subproviders/hooked-wallet.js:92 || ethereum/node_modules/web3-provider-engine/test/wallet.js:178 || ethereum/node_modules/web3-provider-engine/util/rpc-cache-utils.js:110,ethereum/node_modules/ganache-cli/build/cli.node.js:30 || ethereum/node_modules/ganache-cli/build/lib.node.js:29 || ethereum/node_modules/ganache-cli/build/provider.node.js:29 || ethereum/node_modules/ganache-cli/build/server.node.js:29 || ethereum/node_modules/web3-core-helpers/src/formatters.js:152 || ethereum/node_modules/web3-eth-personal/src/index.js:125,,,,ethereum/node_modules/web3-provider-engine/dist/ZeroClientProvider.js:21754 || ethereum/node_modules/web3-provider-engine/dist/ZeroClientProvider.js:21754 || ethereum/node_modules/web3-provider-engine/dist/ZeroClientProvider.js:21803 || ethereum/node_modules/web3-provider-engine/dist/ZeroClientProvider.js:22432 || ethereum/node_modules/web3-provider-engine/dist/ZeroClientProvider.js:22432 || ethereum/node_modules/web3-provider-engine/subproviders/hooked-wallet-ethtx.js:40 || ethereum/node_modules/web3-provider-engine/subproviders/hooked-wallet.js:59 || ethereum/node_modules/web3-provider-engine/subproviders/hooked-wallet.js:59 || ethereum/node_modules/web3-provider-engine/subproviders/hooked-wallet.js:59 || ethereum/node_modules/web3-provider-engine/subproviders/hooked-wallet.js:129 || ethereum/node_modules/web3-provider-engine/subproviders/hooked-wallet.js:157 || ethereum/node_modules/web3-provider-engine/subproviders/hooked-wallet.js:158 || ethereum/node_modules/web3-provider-engine/zero.js:50 || ethereum/node_modules/web3-provider-engine/zero.js:50,ethereum/node_modules/ethereumjs-util/dist/index.js:379 || ethereum/node_modules/ethereumjs-util/dist/index.js:380 || ethereum/node_modules/ethereumjs-util/dist/index.js:410 || ethereum/node_modules/ethereumjs-util/dist/index.js:422 || ethereum/node_modules/ethereumjs-util/dist/index.js:428 || ethereum/node_modules/ethereumjs-util/dist/index.js:442 || ethereum/node_modules/ganache-cli/build/cli.node.js:2 || ethereum/node_modules/ganache-cli/build/cli.node.js:106 || ethereum/node_modules/ganache-cli/build/cli.node.js:149 || ethereum/node_modules/ganache-cli/build/cli.node.js:149 || ethereum/node_modules/ganache-cli/build/cli.node.js:149 || ethereum/node_modules/ganache-cli/build/lib.node.js:1 || ethereum/node_modules/ganache-cli/build/lib.node.js:105 || ethereum/node_modules/ganache-cli/build/lib.node.js:148 || ethereum/node_modules/ganache-cli/build/lib.node.js:148 || ethereum/node_modules/ganache-cli/build/lib.node.js:148 || ethereum/node_modules/ganache-cli/build/provider.node.js:1 || ethereum/node_modules/ganache-cli/build/provider.node.js:77 || ethereum/node_modules/ganache-cli/build/provider.node.js:120 || ethereum/node_modules/ganache-cli/build/provider.node.js:120 || ethereum/node_modules/ganache-cli/build/provider.node.js:120 || ethereum/node_modules/ganache-cli/build/server.node.js:1 || ethereum/node_modules/ganache-cli/build/server.node.js:105 || ethereum/node_modules/ganache-cli/build/server.node.js:148 || ethereum/node_modules/ganache-cli/build/server.node.js:148 || ethereum/node_modules/ganache-cli/build/server.node.js:148 || ethereum/node_modules/merkle-patricia-tree/dist/trie.js:14139 || ethereum/node_modules/merkle-patricia-tree/dist/trie.js:14140 || ethereum/node_modules/merkle-patricia-tree/dist/trie.js:14170 || ethereum/node_modules/merkle-patricia-tree/dist/trie.js:14182 || ethereum/node_modules/merkle-patricia-tree/dist/trie.js:14188 || ethereum/node_modules/merkle-patricia-tree/dist/trie.js:14202 || ethereum/node_modules/truffle-hdwallet-provider/node_modules/web3/dist/web3-light.js:5340 || ethereum/node_modules/truffle-hdwallet-provider/node_modules/web3/dist/web3-light.min.js:2 || ethereum/node_modules/truffle-hdwallet-provider/node_modules/web3/dist/web3.js:5340 || ethereum/node_modules/truffle-hdwallet-provider/node_modules/web3/dist/web3.min.js:2 || ethereum/node_modules/truffle-hdwallet-provider/node_modules/web3/lib/web3/methods/eth.js:214 || ethereum/node_modules/web3-core-helpers/src/formatters.js:152 || ethereum/node_modules/web3-core-method/src/index.js:542 || ethereum/node_modules/web3-core-method/src/index.js:543 || ethereum/node_modules/web3-eth/src/index.js:330 || ethereum/node_modules/web3-provider-engine/dist/ProviderEngine.js:12493 || ethereum/node_modules/web3-provider-engine/dist/ProviderEngine.js:12501 || ethereum/node_modules/web3-provider-engine/dist/ProviderEngine.js:12507 || ethereum/node_modules/web3-provider-engine/dist/ProviderEngine.js:12516 || ethereum/node_modules/web3-provider-engine/dist/ProviderEngine.js:19905 || ethereum/node_modules/web3-provider-engine/dist/ZeroClientProvider.js:13150 || ethereum/node_modules/web3-provider-engine/dist/ZeroClientProvider.js:13158 || ethereum/node_modules/web3-provider-engine/dist/ZeroClientProvider.js:13164 || ethereum/node_modules/web3-provider-engine/dist/ZeroClientProvider.js:13173 || ethereum/node_modules/web3-provider-engine/dist/ZeroClientProvider.js:21737 || ethereum/node_modules/web3-provider-engine/dist/ZeroClientProvider.js:21787 || ethereum/node_modules/web3-provider-engine/dist/ZeroClientProvider.js:22321 || ethereum/node_modules/web3-provider-engine/node_modules/web3/dist/web3-light.js:5286 || ethereum/node_modules/web3-provider-engine/node_modules/web3/dist/web3-light.min.js:2 || ethereum/node_modules/web3-provider-engine/node_modules/web3/dist/web3.js:5286 || ethereum/node_modules/web3-provider-engine/node_modules/web3/dist/web3.min.js:2 || ethereum/node_modules/web3-provider-engine/node_modules/web3/lib/web3/methods/eth.js:207 || ethereum/node_modules/web3-provider-engine/subproviders/hooked-wallet.js:22 || ethereum/node_modules/web3-provider-engine/subproviders/hooked-wallet.js:92 || ethereum/node_modules/web3-provider-engine/test/wallet.js:178 || ethereum/node_modules/web3-provider-engine/util/rpc-cache-utils.js:110,ethereum/node_modules/ganache-cli/build/cli.node.js:30 || ethereum/node_modules/ganache-cli/build/lib.node.js:29 || ethereum/node_modules/ganache-cli/build/provider.node.js:29 || ethereum/node_modules/ganache-cli/build/server.node.js:29 || ethereum/node_modules/web3-core-helpers/src/formatters.js:152 || ethereum/node_modules/web3-eth-personal/src/index.js:125,
kiraAdi/Blockchain-based-Smart-Contract-Digitized-Lottery-Scheme-,https://github.com/kiraAdi/Blockchain-based-Smart-Contract-Digitized-Lottery-Scheme-.git,,,,,,,,,,,
charlesarchibong/lottery_contract,https://github.com/charlesarchibong/lottery_contract.git,,,,,,,,,,,
juanmanavarro/lottery,https://github.com/juanmanavarro/lottery.git,,,,,,,,,,,
flairxy/day18_lottery,https://github.com/flairxy/day18_lottery.git,,,,,,,,,,,
jonit-dev/lottery-react-client,https://github.com/jonit-dev/lottery-react-client.git,,,,,,,,,,,
HigginTown/lottery,https://github.com/HigginTown/lottery.git,,,,,,,,,,,
Abinavmoto/LotteryDapp,https://github.com/Abinavmoto/LotteryDapp.git,,,,,,,,,,,
PratapTyagi/LotteryDapp,https://github.com/PratapTyagi/LotteryDapp.git,,,,,,,,,,,
UdaySinghBhati12/LotteryDapp,https://github.com/UdaySinghBhati12/LotteryDapp.git,,,,,,,,,,,
Shivam4819/LotteryDapp,https://github.com/Shivam4819/LotteryDapp.git,,,,,,,,,,,
dasom222g/lottery-smart-contract,https://github.com/dasom222g/lottery-smart-contract.git,,,,,,,,,,,
Kwon1992/LotteryDAPP,https://github.com/Kwon1992/LotteryDAPP.git,,,,,,,,,,,
Avi-000-Avi/LotteryDapp,https://github.com/Avi-000-Avi/LotteryDapp,,,,,,,,,,,
hyeok230/LotteryDapp,https://github.com/hyeok230/LotteryDapp.git,,,,,,,,,,,
dladowitz/lottery,https://github.com/dladowitz/lottery.git,,,lottery_solidity/node_modules/ethereumjs-block/node_modules/ethereumjs-util/index.js:350 || lottery_solidity/node_modules/ethereumjs-block/node_modules/ethereumjs-util/index.js:351 || lottery_solidity/node_modules/ethereumjs-block/node_modules/ethereumjs-util/index.js:381 || lottery_solidity/node_modules/ethereumjs-block/node_modules/ethereumjs-util/index.js:393 || lottery_solidity/node_modules/ethereumjs-block/node_modules/ethereumjs-util/index.js:403 || lottery_solidity/node_modules/ethereumjs-block/node_modules/ethereumjs-util/index.js:417 || lottery_solidity/node_modules/ethereumjs-tx/node_modules/ethereumjs-util/index.js:350 || lottery_solidity/node_modules/ethereumjs-tx/node_modules/ethereumjs-util/index.js:351 || lottery_solidity/node_modules/ethereumjs-tx/node_modules/ethereumjs-util/index.js:381 || lottery_solidity/node_modules/ethereumjs-tx/node_modules/ethereumjs-util/index.js:393 || lottery_solidity/node_modules/ethereumjs-tx/node_modules/ethereumjs-util/index.js:403 || lottery_solidity/node_modules/ethereumjs-tx/node_modules/ethereumjs-util/index.js:417 || lottery_solidity/node_modules/ethereumjs-util/index.js:410 || lottery_solidity/node_modules/ethereumjs-util/index.js:418 || lottery_solidity/node_modules/ethereumjs-util/index.js:424 || lottery_solidity/node_modules/ethereumjs-util/index.js:433 || lottery_solidity/node_modules/ethereumjs-vm/examples/run-transactions-simple/bundle.js:35623 || lottery_solidity/node_modules/ethereumjs-vm/examples/run-transactions-simple/bundle.js:35624 || lottery_solidity/node_modules/ethereumjs-vm/examples/run-transactions-simple/bundle.js:35654 || lottery_solidity/node_modules/ethereumjs-vm/examples/run-transactions-simple/bundle.js:35666 || lottery_solidity/node_modules/ethereumjs-vm/examples/run-transactions-simple/bundle.js:35672 || lottery_solidity/node_modules/ethereumjs-vm/examples/run-transactions-simple/bundle.js:35686 || lottery_solidity/node_modules/ethereumjs-vm/examples/run-transactions-simple/bundle.js:36362 || lottery_solidity/node_modules/ethereumjs-vm/examples/run-transactions-simple/bundle.js:36370 || lottery_solidity/node_modules/ethereumjs-vm/examples/run-transactions-simple/bundle.js:36376 || lottery_solidity/node_modules/ethereumjs-vm/examples/run-transactions-simple/bundle.js:36385 || lottery_solidity/node_modules/ganache-cli/build/cli.node.js:1457 || lottery_solidity/node_modules/ganache-cli/build/cli.node.js:1465 || lottery_solidity/node_modules/ganache-cli/build/cli.node.js:1471 || lottery_solidity/node_modules/ganache-cli/build/cli.node.js:1480 || lottery_solidity/node_modules/ganache-cli/build/cli.node.js:7098 || lottery_solidity/node_modules/ganache-cli/build/cli.node.js:7099 || lottery_solidity/node_modules/ganache-cli/build/cli.node.js:7129 || lottery_solidity/node_modules/ganache-cli/build/cli.node.js:7141 || lottery_solidity/node_modules/ganache-cli/build/cli.node.js:7151 || lottery_solidity/node_modules/ganache-cli/build/cli.node.js:7165 || lottery_solidity/node_modules/ganache-cli/build/cli.node.js:24650 || lottery_solidity/node_modules/ganache-cli/build/cli.node.js:24658 || lottery_solidity/node_modules/ganache-cli/build/cli.node.js:24664 || lottery_solidity/node_modules/ganache-cli/build/cli.node.js:24673 || lottery_solidity/node_modules/ganache-cli/build/cli.node.js:35456 || lottery_solidity/node_modules/ganache-cli/build/cli.node.js:35464 || lottery_solidity/node_modules/ganache-cli/build/cli.node.js:35470 || lottery_solidity/node_modules/ganache-cli/build/cli.node.js:35479 || lottery_solidity/node_modules/ganache-cli/build/cli.node.js:45646 || lottery_solidity/node_modules/ganache-cli/build/cli.node.js:45647 || lottery_solidity/node_modules/ganache-cli/build/cli.node.js:45677 || lottery_solidity/node_modules/ganache-cli/build/cli.node.js:45689 || lottery_solidity/node_modules/ganache-cli/build/cli.node.js:45699 || lottery_solidity/node_modules/ganache-cli/build/cli.node.js:45713 || lottery_solidity/node_modules/ganache-cli/build/cli.node.js:59659 || lottery_solidity/node_modules/ganache-cli/build/cli.node.js:66642 || lottery_solidity/node_modules/ganache-cli/build/cli.node.js:66650 || lottery_solidity/node_modules/ganache-cli/build/cli.node.js:66656 || lottery_solidity/node_modules/ganache-cli/build/cli.node.js:66665 || lottery_solidity/node_modules/ganache-cli/build/cli.node.js:80901 || lottery_solidity/node_modules/ganache-cli/build/cli.node.js:90056 || lottery_solidity/node_modules/ganache-cli/build/cli.node.js:93190 || lottery_solidity/node_modules/ganache-cli/build/cli.node.js:93198 || lottery_solidity/node_modules/ganache-cli/build/cli.node.js:93204 || lottery_solidity/node_modules/ganache-cli/build/cli.node.js:93213 || lottery_solidity/node_modules/ganache-cli/build/lib.node.js:1460 || lottery_solidity/node_modules/ganache-cli/build/lib.node.js:1468 || lottery_solidity/node_modules/ganache-cli/build/lib.node.js:1474 || lottery_solidity/node_modules/ganache-cli/build/lib.node.js:1483 || lottery_solidity/node_modules/ganache-cli/build/lib.node.js:7095 || lottery_solidity/node_modules/ganache-cli/build/lib.node.js:7096 || lottery_solidity/node_modules/ganache-cli/build/lib.node.js:7126 || lottery_solidity/node_modules/ganache-cli/build/lib.node.js:7138 || lottery_solidity/node_modules/ganache-cli/build/lib.node.js:7148 || lottery_solidity/node_modules/ganache-cli/build/lib.node.js:7162 || lottery_solidity/node_modules/ganache-cli/build/lib.node.js:24592 || lottery_solidity/node_modules/ganache-cli/build/lib.node.js:24600 || lottery_solidity/node_modules/ganache-cli/build/lib.node.js:24606 || lottery_solidity/node_modules/ganache-cli/build/lib.node.js:24615 || lottery_solidity/node_modules/ganache-cli/build/lib.node.js:33065 || lottery_solidity/node_modules/ganache-cli/build/lib.node.js:33073 || lottery_solidity/node_modules/ganache-cli/build/lib.node.js:33079 || lottery_solidity/node_modules/ganache-cli/build/lib.node.js:33088 || lottery_solidity/node_modules/ganache-cli/build/lib.node.js:43255 || lottery_solidity/node_modules/ganache-cli/build/lib.node.js:43256 || lottery_solidity/node_modules/ganache-cli/build/lib.node.js:43286 || lottery_solidity/node_modules/ganache-cli/build/lib.node.js:43298 || lottery_solidity/node_modules/ganache-cli/build/lib.node.js:43308 || lottery_solidity/node_modules/ganache-cli/build/lib.node.js:43322 || lottery_solidity/node_modules/ganache-cli/build/lib.node.js:48113 || lottery_solidity/node_modules/ganache-cli/build/lib.node.js:55096 || lottery_solidity/node_modules/ganache-cli/build/lib.node.js:55104 || lottery_solidity/node_modules/ganache-cli/build/lib.node.js:55110 || lottery_solidity/node_modules/ganache-cli/build/lib.node.js:55119 || lottery_solidity/node_modules/ganache-cli/build/lib.node.js:70657 || lottery_solidity/node_modules/ganache-cli/build/lib.node.js:79812 || lottery_solidity/node_modules/ganache-cli/build/lib.node.js:82946 || lottery_solidity/node_modules/ganache-cli/build/lib.node.js:82954 || lottery_solidity/node_modules/ganache-cli/build/lib.node.js:82960 || lottery_solidity/node_modules/ganache-cli/build/lib.node.js:82969 || lottery_solidity/node_modules/ganache-cli/build/provider.node.js:1460 || lottery_solidity/node_modules/ganache-cli/build/provider.node.js:1468 || lottery_solidity/node_modules/ganache-cli/build/provider.node.js:1474 || lottery_solidity/node_modules/ganache-cli/build/provider.node.js:1483 || lottery_solidity/node_modules/ganache-cli/build/provider.node.js:7095 || lottery_solidity/node_modules/ganache-cli/build/provider.node.js:7096 || lottery_solidity/node_modules/ganache-cli/build/provider.node.js:7126 || lottery_solidity/node_modules/ganache-cli/build/provider.node.js:7138 || lottery_solidity/node_modules/ganache-cli/build/provider.node.js:7148 || lottery_solidity/node_modules/ganache-cli/build/provider.node.js:7162 || lottery_solidity/node_modules/ganache-cli/build/provider.node.js:24592 || lottery_solidity/node_modules/ganache-cli/build/provider.node.js:24600 || lottery_solidity/node_modules/ganache-cli/build/provider.node.js:24606 || lottery_solidity/node_modules/ganache-cli/build/provider.node.js:24615 || lottery_solidity/node_modules/ganache-cli/build/provider.node.js:32955 || lottery_solidity/node_modules/ganache-cli/build/provider.node.js:32963 || lottery_solidity/node_modules/ganache-cli/build/provider.node.js:32969 || lottery_solidity/node_modules/ganache-cli/build/provider.node.js:32978 || lottery_solidity/node_modules/ganache-cli/build/provider.node.js:43145 || lottery_solidity/node_modules/ganache-cli/build/provider.node.js:43146 || lottery_solidity/node_modules/ganache-cli/build/provider.node.js:43176 || lottery_solidity/node_modules/ganache-cli/build/provider.node.js:43188 || lottery_solidity/node_modules/ganache-cli/build/provider.node.js:43198 || lottery_solidity/node_modules/ganache-cli/build/provider.node.js:43212 || lottery_solidity/node_modules/ganache-cli/build/provider.node.js:48095 || lottery_solidity/node_modules/ganache-cli/build/provider.node.js:55078 || lottery_solidity/node_modules/ganache-cli/build/provider.node.js:55086 || lottery_solidity/node_modules/ganache-cli/build/provider.node.js:55092 || lottery_solidity/node_modules/ganache-cli/build/provider.node.js:55101 || lottery_solidity/node_modules/ganache-cli/build/provider.node.js:70639 || lottery_solidity/node_modules/ganache-cli/build/provider.node.js:79794 || lottery_solidity/node_modules/ganache-cli/build/provider.node.js:82928 || lottery_solidity/node_modules/ganache-cli/build/provider.node.js:82936 || lottery_solidity/node_modules/ganache-cli/build/provider.node.js:82942 || lottery_solidity/node_modules/ganache-cli/build/provider.node.js:82951 || lottery_solidity/node_modules/ganache-cli/build/server.node.js:1460 || lottery_solidity/node_modules/ganache-cli/build/server.node.js:1468 || lottery_solidity/node_modules/ganache-cli/build/server.node.js:1474 || lottery_solidity/node_modules/ganache-cli/build/server.node.js:1483 || lottery_solidity/node_modules/ganache-cli/build/server.node.js:7095 || lottery_solidity/node_modules/ganache-cli/build/server.node.js:7096 || lottery_solidity/node_modules/ganache-cli/build/server.node.js:7126 || lottery_solidity/node_modules/ganache-cli/build/server.node.js:7138 || lottery_solidity/node_modules/ganache-cli/build/server.node.js:7148 || lottery_solidity/node_modules/ganache-cli/build/server.node.js:7162 || lottery_solidity/node_modules/ganache-cli/build/server.node.js:24598 || lottery_solidity/node_modules/ganache-cli/build/server.node.js:24606 || lottery_solidity/node_modules/ganache-cli/build/server.node.js:24612 || lottery_solidity/node_modules/ganache-cli/build/server.node.js:24621 || lottery_solidity/node_modules/ganache-cli/build/server.node.js:32961 || lottery_solidity/node_modules/ganache-cli/build/server.node.js:32969 || lottery_solidity/node_modules/ganache-cli/build/server.node.js:32975 || lottery_solidity/node_modules/ganache-cli/build/server.node.js:32984 || lottery_solidity/node_modules/ganache-cli/build/server.node.js:43151 || lottery_solidity/node_modules/ganache-cli/build/server.node.js:43152 || lottery_solidity/node_modules/ganache-cli/build/server.node.js:43182 || lottery_solidity/node_modules/ganache-cli/build/server.node.js:43194 || lottery_solidity/node_modules/ganache-cli/build/server.node.js:43204 || lottery_solidity/node_modules/ganache-cli/build/server.node.js:43218 || lottery_solidity/node_modules/ganache-cli/build/server.node.js:48227 || lottery_solidity/node_modules/ganache-cli/build/server.node.js:55210 || lottery_solidity/node_modules/ganache-cli/build/server.node.js:55218 || lottery_solidity/node_modules/ganache-cli/build/server.node.js:55224 || lottery_solidity/node_modules/ganache-cli/build/server.node.js:55233 || lottery_solidity/node_modules/ganache-cli/build/server.node.js:70771 || lottery_solidity/node_modules/ganache-cli/build/server.node.js:79926 || lottery_solidity/node_modules/ganache-cli/build/server.node.js:83060 || lottery_solidity/node_modules/ganache-cli/build/server.node.js:83068 || lottery_solidity/node_modules/ganache-cli/build/server.node.js:83074 || lottery_solidity/node_modules/ganache-cli/build/server.node.js:83083 || lottery_solidity/node_modules/merkle-patricia-tree/dist/trie.js:14187 || lottery_solidity/node_modules/merkle-patricia-tree/dist/trie.js:14188 || lottery_solidity/node_modules/merkle-patricia-tree/dist/trie.js:14218 || lottery_solidity/node_modules/merkle-patricia-tree/dist/trie.js:14230 || lottery_solidity/node_modules/merkle-patricia-tree/dist/trie.js:14236 || lottery_solidity/node_modules/merkle-patricia-tree/dist/trie.js:14250 || lottery_solidity/node_modules/merkle-patricia-tree/node_modules/ethereumjs-util/index.js:350 || lottery_solidity/node_modules/merkle-patricia-tree/node_modules/ethereumjs-util/index.js:351 || lottery_solidity/node_modules/merkle-patricia-tree/node_modules/ethereumjs-util/index.js:381 || lottery_solidity/node_modules/merkle-patricia-tree/node_modules/ethereumjs-util/index.js:393 || lottery_solidity/node_modules/merkle-patricia-tree/node_modules/ethereumjs-util/index.js:403 || lottery_solidity/node_modules/merkle-patricia-tree/node_modules/ethereumjs-util/index.js:417 || lottery_solidity/node_modules/truffle-hdwallet-provider/node_modules/web3/dist/web3-light.js:5340 || lottery_solidity/node_modules/truffle-hdwallet-provider/node_modules/web3/dist/web3-light.min.js:2 || lottery_solidity/node_modules/truffle-hdwallet-provider/node_modules/web3/dist/web3.js:5340 || lottery_solidity/node_modules/truffle-hdwallet-provider/node_modules/web3/dist/web3.min.js:2 || lottery_solidity/node_modules/truffle-hdwallet-provider/node_modules/web3/lib/web3/methods/eth.js:214 || lottery_solidity/node_modules/web3-core-helpers/src/formatters.js:137 || lottery_solidity/node_modules/web3-core-method/src/index.js:521 || lottery_solidity/node_modules/web3-core-method/src/index.js:522 || lottery_solidity/node_modules/web3-eth/src/index.js:314 || lottery_solidity/node_modules/web3-provider-engine/dist/ProviderEngine.js:12493 || lottery_solidity/node_modules/web3-provider-engine/dist/ProviderEngine.js:12501 || lottery_solidity/node_modules/web3-provider-engine/dist/ProviderEngine.js:12507 || lottery_solidity/node_modules/web3-provider-engine/dist/ProviderEngine.js:12516 || lottery_solidity/node_modules/web3-provider-engine/dist/ProviderEngine.js:19905 || lottery_solidity/node_modules/web3-provider-engine/dist/ZeroClientProvider.js:13150 || lottery_solidity/node_modules/web3-provider-engine/dist/ZeroClientProvider.js:13158 || lottery_solidity/node_modules/web3-provider-engine/dist/ZeroClientProvider.js:13164 || lottery_solidity/node_modules/web3-provider-engine/dist/ZeroClientProvider.js:13173 || lottery_solidity/node_modules/web3-provider-engine/dist/ZeroClientProvider.js:21737 || lottery_solidity/node_modules/web3-provider-engine/dist/ZeroClientProvider.js:21787 || lottery_solidity/node_modules/web3-provider-engine/dist/ZeroClientProvider.js:22321 || lottery_solidity/node_modules/web3-provider-engine/node_modules/ethereumjs-util/index.js:350 || lottery_solidity/node_modules/web3-provider-engine/node_modules/ethereumjs-util/index.js:351 || lottery_solidity/node_modules/web3-provider-engine/node_modules/ethereumjs-util/index.js:381 || lottery_solidity/node_modules/web3-provider-engine/node_modules/ethereumjs-util/index.js:393 || lottery_solidity/node_modules/web3-provider-engine/node_modules/ethereumjs-util/index.js:403 || lottery_solidity/node_modules/web3-provider-engine/node_modules/ethereumjs-util/index.js:417 || lottery_solidity/node_modules/web3-provider-engine/node_modules/web3/dist/web3-light.js:5286 || lottery_solidity/node_modules/web3-provider-engine/node_modules/web3/dist/web3-light.min.js:2 || lottery_solidity/node_modules/web3-provider-engine/node_modules/web3/dist/web3.js:5286 || lottery_solidity/node_modules/web3-provider-engine/node_modules/web3/dist/web3.min.js:2 || lottery_solidity/node_modules/web3-provider-engine/node_modules/web3/lib/web3/methods/eth.js:207 || lottery_solidity/node_modules/web3-provider-engine/subproviders/hooked-wallet.js:22 || lottery_solidity/node_modules/web3-provider-engine/subproviders/hooked-wallet.js:92 || lottery_solidity/node_modules/web3-provider-engine/test/wallet.js:178 || lottery_solidity/node_modules/web3-provider-engine/util/rpc-cache-utils.js:110,lottery_solidity/node_modules/ganache-cli/build/cli.node.js:82591 || lottery_solidity/node_modules/ganache-cli/build/lib.node.js:72347 || lottery_solidity/node_modules/ganache-cli/build/provider.node.js:72329 || lottery_solidity/node_modules/ganache-cli/build/server.node.js:72461 || lottery_solidity/node_modules/web3-core-helpers/src/formatters.js:137 || lottery_solidity/node_modules/web3-eth-personal/src/index.js:119,,,,lottery_solidity/node_modules/web3-provider-engine/dist/ZeroClientProvider.js:21754 || lottery_solidity/node_modules/web3-provider-engine/dist/ZeroClientProvider.js:21754 || lottery_solidity/node_modules/web3-provider-engine/dist/ZeroClientProvider.js:21803 || lottery_solidity/node_modules/web3-provider-engine/dist/ZeroClientProvider.js:22432 || lottery_solidity/node_modules/web3-provider-engine/dist/ZeroClientProvider.js:22432 || lottery_solidity/node_modules/web3-provider-engine/subproviders/hooked-wallet-ethtx.js:40 || lottery_solidity/node_modules/web3-provider-engine/subproviders/hooked-wallet.js:59 || lottery_solidity/node_modules/web3-provider-engine/subproviders/hooked-wallet.js:59 || lottery_solidity/node_modules/web3-provider-engine/subproviders/hooked-wallet.js:59 || lottery_solidity/node_modules/web3-provider-engine/subproviders/hooked-wallet.js:129 || lottery_solidity/node_modules/web3-provider-engine/subproviders/hooked-wallet.js:157 || lottery_solidity/node_modules/web3-provider-engine/subproviders/hooked-wallet.js:158 || lottery_solidity/node_modules/web3-provider-engine/zero.js:50 || lottery_solidity/node_modules/web3-provider-engine/zero.js:50,lottery_solidity/node_modules/ethereumjs-block/node_modules/ethereumjs-util/index.js:350 || lottery_solidity/node_modules/ethereumjs-block/node_modules/ethereumjs-util/index.js:351 || lottery_solidity/node_modules/ethereumjs-block/node_modules/ethereumjs-util/index.js:381 || lottery_solidity/node_modules/ethereumjs-block/node_modules/ethereumjs-util/index.js:393 || lottery_solidity/node_modules/ethereumjs-block/node_modules/ethereumjs-util/index.js:403 || lottery_solidity/node_modules/ethereumjs-block/node_modules/ethereumjs-util/index.js:417 || lottery_solidity/node_modules/ethereumjs-tx/node_modules/ethereumjs-util/index.js:350 || lottery_solidity/node_modules/ethereumjs-tx/node_modules/ethereumjs-util/index.js:351 || lottery_solidity/node_modules/ethereumjs-tx/node_modules/ethereumjs-util/index.js:381 || lottery_solidity/node_modules/ethereumjs-tx/node_modules/ethereumjs-util/index.js:393 || lottery_solidity/node_modules/ethereumjs-tx/node_modules/ethereumjs-util/index.js:403 || lottery_solidity/node_modules/ethereumjs-tx/node_modules/ethereumjs-util/index.js:417 || lottery_solidity/node_modules/ethereumjs-util/index.js:410 || lottery_solidity/node_modules/ethereumjs-util/index.js:418 || lottery_solidity/node_modules/ethereumjs-util/index.js:424 || lottery_solidity/node_modules/ethereumjs-util/index.js:433 || lottery_solidity/node_modules/ethereumjs-vm/examples/run-transactions-simple/bundle.js:35623 || lottery_solidity/node_modules/ethereumjs-vm/examples/run-transactions-simple/bundle.js:35624 || lottery_solidity/node_modules/ethereumjs-vm/examples/run-transactions-simple/bundle.js:35654 || lottery_solidity/node_modules/ethereumjs-vm/examples/run-transactions-simple/bundle.js:35666 || lottery_solidity/node_modules/ethereumjs-vm/examples/run-transactions-simple/bundle.js:35672 || lottery_solidity/node_modules/ethereumjs-vm/examples/run-transactions-simple/bundle.js:35686 || lottery_solidity/node_modules/ethereumjs-vm/examples/run-transactions-simple/bundle.js:36362 || lottery_solidity/node_modules/ethereumjs-vm/examples/run-transactions-simple/bundle.js:36370 || lottery_solidity/node_modules/ethereumjs-vm/examples/run-transactions-simple/bundle.js:36376 || lottery_solidity/node_modules/ethereumjs-vm/examples/run-transactions-simple/bundle.js:36385 || lottery_solidity/node_modules/ganache-cli/build/cli.node.js:1457 || lottery_solidity/node_modules/ganache-cli/build/cli.node.js:1465 || lottery_solidity/node_modules/ganache-cli/build/cli.node.js:1471 || lottery_solidity/node_modules/ganache-cli/build/cli.node.js:1480 || lottery_solidity/node_modules/ganache-cli/build/cli.node.js:7098 || lottery_solidity/node_modules/ganache-cli/build/cli.node.js:7099 || lottery_solidity/node_modules/ganache-cli/build/cli.node.js:7129 || lottery_solidity/node_modules/ganache-cli/build/cli.node.js:7141 || lottery_solidity/node_modules/ganache-cli/build/cli.node.js:7151 || lottery_solidity/node_modules/ganache-cli/build/cli.node.js:7165 || lottery_solidity/node_modules/ganache-cli/build/cli.node.js:24650 || lottery_solidity/node_modules/ganache-cli/build/cli.node.js:24658 || lottery_solidity/node_modules/ganache-cli/build/cli.node.js:24664 || lottery_solidity/node_modules/ganache-cli/build/cli.node.js:24673 || lottery_solidity/node_modules/ganache-cli/build/cli.node.js:35456 || lottery_solidity/node_modules/ganache-cli/build/cli.node.js:35464 || lottery_solidity/node_modules/ganache-cli/build/cli.node.js:35470 || lottery_solidity/node_modules/ganache-cli/build/cli.node.js:35479 || lottery_solidity/node_modules/ganache-cli/build/cli.node.js:45646 || lottery_solidity/node_modules/ganache-cli/build/cli.node.js:45647 || lottery_solidity/node_modules/ganache-cli/build/cli.node.js:45677 || lottery_solidity/node_modules/ganache-cli/build/cli.node.js:45689 || lottery_solidity/node_modules/ganache-cli/build/cli.node.js:45699 || lottery_solidity/node_modules/ganache-cli/build/cli.node.js:45713 || lottery_solidity/node_modules/ganache-cli/build/cli.node.js:59659 || lottery_solidity/node_modules/ganache-cli/build/cli.node.js:66642 || lottery_solidity/node_modules/ganache-cli/build/cli.node.js:66650 || lottery_solidity/node_modules/ganache-cli/build/cli.node.js:66656 || lottery_solidity/node_modules/ganache-cli/build/cli.node.js:66665 || lottery_solidity/node_modules/ganache-cli/build/cli.node.js:80901 || lottery_solidity/node_modules/ganache-cli/build/cli.node.js:90056 || lottery_solidity/node_modules/ganache-cli/build/cli.node.js:93190 || lottery_solidity/node_modules/ganache-cli/build/cli.node.js:93198 || lottery_solidity/node_modules/ganache-cli/build/cli.node.js:93204 || lottery_solidity/node_modules/ganache-cli/build/cli.node.js:93213 || lottery_solidity/node_modules/ganache-cli/build/lib.node.js:1460 || lottery_solidity/node_modules/ganache-cli/build/lib.node.js:1468 || lottery_solidity/node_modules/ganache-cli/build/lib.node.js:1474 || lottery_solidity/node_modules/ganache-cli/build/lib.node.js:1483 || lottery_solidity/node_modules/ganache-cli/build/lib.node.js:7095 || lottery_solidity/node_modules/ganache-cli/build/lib.node.js:7096 || lottery_solidity/node_modules/ganache-cli/build/lib.node.js:7126 || lottery_solidity/node_modules/ganache-cli/build/lib.node.js:7138 || lottery_solidity/node_modules/ganache-cli/build/lib.node.js:7148 || lottery_solidity/node_modules/ganache-cli/build/lib.node.js:7162 || lottery_solidity/node_modules/ganache-cli/build/lib.node.js:24592 || lottery_solidity/node_modules/ganache-cli/build/lib.node.js:24600 || lottery_solidity/node_modules/ganache-cli/build/lib.node.js:24606 || lottery_solidity/node_modules/ganache-cli/build/lib.node.js:24615 || lottery_solidity/node_modules/ganache-cli/build/lib.node.js:33065 || lottery_solidity/node_modules/ganache-cli/build/lib.node.js:33073 || lottery_solidity/node_modules/ganache-cli/build/lib.node.js:33079 || lottery_solidity/node_modules/ganache-cli/build/lib.node.js:33088 || lottery_solidity/node_modules/ganache-cli/build/lib.node.js:43255 || lottery_solidity/node_modules/ganache-cli/build/lib.node.js:43256 || lottery_solidity/node_modules/ganache-cli/build/lib.node.js:43286 || lottery_solidity/node_modules/ganache-cli/build/lib.node.js:43298 || lottery_solidity/node_modules/ganache-cli/build/lib.node.js:43308 || lottery_solidity/node_modules/ganache-cli/build/lib.node.js:43322 || lottery_solidity/node_modules/ganache-cli/build/lib.node.js:48113 || lottery_solidity/node_modules/ganache-cli/build/lib.node.js:55096 || lottery_solidity/node_modules/ganache-cli/build/lib.node.js:55104 || lottery_solidity/node_modules/ganache-cli/build/lib.node.js:55110 || lottery_solidity/node_modules/ganache-cli/build/lib.node.js:55119 || lottery_solidity/node_modules/ganache-cli/build/lib.node.js:70657 || lottery_solidity/node_modules/ganache-cli/build/lib.node.js:79812 || lottery_solidity/node_modules/ganache-cli/build/lib.node.js:82946 || lottery_solidity/node_modules/ganache-cli/build/lib.node.js:82954 || lottery_solidity/node_modules/ganache-cli/build/lib.node.js:82960 || lottery_solidity/node_modules/ganache-cli/build/lib.node.js:82969 || lottery_solidity/node_modules/ganache-cli/build/provider.node.js:1460 || lottery_solidity/node_modules/ganache-cli/build/provider.node.js:1468 || lottery_solidity/node_modules/ganache-cli/build/provider.node.js:1474 || lottery_solidity/node_modules/ganache-cli/build/provider.node.js:1483 || lottery_solidity/node_modules/ganache-cli/build/provider.node.js:7095 || lottery_solidity/node_modules/ganache-cli/build/provider.node.js:7096 || lottery_solidity/node_modules/ganache-cli/build/provider.node.js:7126 || lottery_solidity/node_modules/ganache-cli/build/provider.node.js:7138 || lottery_solidity/node_modules/ganache-cli/build/provider.node.js:7148 || lottery_solidity/node_modules/ganache-cli/build/provider.node.js:7162 || lottery_solidity/node_modules/ganache-cli/build/provider.node.js:24592 || lottery_solidity/node_modules/ganache-cli/build/provider.node.js:24600 || lottery_solidity/node_modules/ganache-cli/build/provider.node.js:24606 || lottery_solidity/node_modules/ganache-cli/build/provider.node.js:24615 || lottery_solidity/node_modules/ganache-cli/build/provider.node.js:32955 || lottery_solidity/node_modules/ganache-cli/build/provider.node.js:32963 || lottery_solidity/node_modules/ganache-cli/build/provider.node.js:32969 || lottery_solidity/node_modules/ganache-cli/build/provider.node.js:32978 || lottery_solidity/node_modules/ganache-cli/build/provider.node.js:43145 || lottery_solidity/node_modules/ganache-cli/build/provider.node.js:43146 || lottery_solidity/node_modules/ganache-cli/build/provider.node.js:43176 || lottery_solidity/node_modules/ganache-cli/build/provider.node.js:43188 || lottery_solidity/node_modules/ganache-cli/build/provider.node.js:43198 || lottery_solidity/node_modules/ganache-cli/build/provider.node.js:43212 || lottery_solidity/node_modules/ganache-cli/build/provider.node.js:48095 || lottery_solidity/node_modules/ganache-cli/build/provider.node.js:55078 || lottery_solidity/node_modules/ganache-cli/build/provider.node.js:55086 || lottery_solidity/node_modules/ganache-cli/build/provider.node.js:55092 || lottery_solidity/node_modules/ganache-cli/build/provider.node.js:55101 || lottery_solidity/node_modules/ganache-cli/build/provider.node.js:70639 || lottery_solidity/node_modules/ganache-cli/build/provider.node.js:79794 || lottery_solidity/node_modules/ganache-cli/build/provider.node.js:82928 || lottery_solidity/node_modules/ganache-cli/build/provider.node.js:82936 || lottery_solidity/node_modules/ganache-cli/build/provider.node.js:82942 || lottery_solidity/node_modules/ganache-cli/build/provider.node.js:82951 || lottery_solidity/node_modules/ganache-cli/build/server.node.js:1460 || lottery_solidity/node_modules/ganache-cli/build/server.node.js:1468 || lottery_solidity/node_modules/ganache-cli/build/server.node.js:1474 || lottery_solidity/node_modules/ganache-cli/build/server.node.js:1483 || lottery_solidity/node_modules/ganache-cli/build/server.node.js:7095 || lottery_solidity/node_modules/ganache-cli/build/server.node.js:7096 || lottery_solidity/node_modules/ganache-cli/build/server.node.js:7126 || lottery_solidity/node_modules/ganache-cli/build/server.node.js:7138 || lottery_solidity/node_modules/ganache-cli/build/server.node.js:7148 || lottery_solidity/node_modules/ganache-cli/build/server.node.js:7162 || lottery_solidity/node_modules/ganache-cli/build/server.node.js:24598 || lottery_solidity/node_modules/ganache-cli/build/server.node.js:24606 || lottery_solidity/node_modules/ganache-cli/build/server.node.js:24612 || lottery_solidity/node_modules/ganache-cli/build/server.node.js:24621 || lottery_solidity/node_modules/ganache-cli/build/server.node.js:32961 || lottery_solidity/node_modules/ganache-cli/build/server.node.js:32969 || lottery_solidity/node_modules/ganache-cli/build/server.node.js:32975 || lottery_solidity/node_modules/ganache-cli/build/server.node.js:32984 || lottery_solidity/node_modules/ganache-cli/build/server.node.js:43151 || lottery_solidity/node_modules/ganache-cli/build/server.node.js:43152 || lottery_solidity/node_modules/ganache-cli/build/server.node.js:43182 || lottery_solidity/node_modules/ganache-cli/build/server.node.js:43194 || lottery_solidity/node_modules/ganache-cli/build/server.node.js:43204 || lottery_solidity/node_modules/ganache-cli/build/server.node.js:43218 || lottery_solidity/node_modules/ganache-cli/build/server.node.js:48227 || lottery_solidity/node_modules/ganache-cli/build/server.node.js:55210 || lottery_solidity/node_modules/ganache-cli/build/server.node.js:55218 || lottery_solidity/node_modules/ganache-cli/build/server.node.js:55224 || lottery_solidity/node_modules/ganache-cli/build/server.node.js:55233 || lottery_solidity/node_modules/ganache-cli/build/server.node.js:70771 || lottery_solidity/node_modules/ganache-cli/build/server.node.js:79926 || lottery_solidity/node_modules/ganache-cli/build/server.node.js:83060 || lottery_solidity/node_modules/ganache-cli/build/server.node.js:83068 || lottery_solidity/node_modules/ganache-cli/build/server.node.js:83074 || lottery_solidity/node_modules/ganache-cli/build/server.node.js:83083 || lottery_solidity/node_modules/merkle-patricia-tree/dist/trie.js:14187 || lottery_solidity/node_modules/merkle-patricia-tree/dist/trie.js:14188 || lottery_solidity/node_modules/merkle-patricia-tree/dist/trie.js:14218 || lottery_solidity/node_modules/merkle-patricia-tree/dist/trie.js:14230 || lottery_solidity/node_modules/merkle-patricia-tree/dist/trie.js:14236 || lottery_solidity/node_modules/merkle-patricia-tree/dist/trie.js:14250 || lottery_solidity/node_modules/merkle-patricia-tree/node_modules/ethereumjs-util/index.js:350 || lottery_solidity/node_modules/merkle-patricia-tree/node_modules/ethereumjs-util/index.js:351 || lottery_solidity/node_modules/merkle-patricia-tree/node_modules/ethereumjs-util/index.js:381 || lottery_solidity/node_modules/merkle-patricia-tree/node_modules/ethereumjs-util/index.js:393 || lottery_solidity/node_modules/merkle-patricia-tree/node_modules/ethereumjs-util/index.js:403 || lottery_solidity/node_modules/merkle-patricia-tree/node_modules/ethereumjs-util/index.js:417 || lottery_solidity/node_modules/truffle-hdwallet-provider/node_modules/web3/dist/web3-light.js:5340 || lottery_solidity/node_modules/truffle-hdwallet-provider/node_modules/web3/dist/web3-light.min.js:2 || lottery_solidity/node_modules/truffle-hdwallet-provider/node_modules/web3/dist/web3.js:5340 || lottery_solidity/node_modules/truffle-hdwallet-provider/node_modules/web3/dist/web3.min.js:2 || lottery_solidity/node_modules/truffle-hdwallet-provider/node_modules/web3/lib/web3/methods/eth.js:214 || lottery_solidity/node_modules/web3-core-helpers/src/formatters.js:137 || lottery_solidity/node_modules/web3-core-method/src/index.js:521 || lottery_solidity/node_modules/web3-core-method/src/index.js:522 || lottery_solidity/node_modules/web3-eth/src/index.js:314 || lottery_solidity/node_modules/web3-provider-engine/dist/ProviderEngine.js:12493 || lottery_solidity/node_modules/web3-provider-engine/dist/ProviderEngine.js:12501 || lottery_solidity/node_modules/web3-provider-engine/dist/ProviderEngine.js:12507 || lottery_solidity/node_modules/web3-provider-engine/dist/ProviderEngine.js:12516 || lottery_solidity/node_modules/web3-provider-engine/dist/ProviderEngine.js:19905 || lottery_solidity/node_modules/web3-provider-engine/dist/ZeroClientProvider.js:13150 || lottery_solidity/node_modules/web3-provider-engine/dist/ZeroClientProvider.js:13158 || lottery_solidity/node_modules/web3-provider-engine/dist/ZeroClientProvider.js:13164 || lottery_solidity/node_modules/web3-provider-engine/dist/ZeroClientProvider.js:13173 || lottery_solidity/node_modules/web3-provider-engine/dist/ZeroClientProvider.js:21737 || lottery_solidity/node_modules/web3-provider-engine/dist/ZeroClientProvider.js:21787 || lottery_solidity/node_modules/web3-provider-engine/dist/ZeroClientProvider.js:22321 || lottery_solidity/node_modules/web3-provider-engine/node_modules/ethereumjs-util/index.js:350 || lottery_solidity/node_modules/web3-provider-engine/node_modules/ethereumjs-util/index.js:351 || lottery_solidity/node_modules/web3-provider-engine/node_modules/ethereumjs-util/index.js:381 || lottery_solidity/node_modules/web3-provider-engine/node_modules/ethereumjs-util/index.js:393 || lottery_solidity/node_modules/web3-provider-engine/node_modules/ethereumjs-util/index.js:403 || lottery_solidity/node_modules/web3-provider-engine/node_modules/ethereumjs-util/index.js:417 || lottery_solidity/node_modules/web3-provider-engine/node_modules/web3/dist/web3-light.js:5286 || lottery_solidity/node_modules/web3-provider-engine/node_modules/web3/dist/web3-light.min.js:2 || lottery_solidity/node_modules/web3-provider-engine/node_modules/web3/dist/web3.js:5286 || lottery_solidity/node_modules/web3-provider-engine/node_modules/web3/dist/web3.min.js:2 || lottery_solidity/node_modules/web3-provider-engine/node_modules/web3/lib/web3/methods/eth.js:207 || lottery_solidity/node_modules/web3-provider-engine/subproviders/hooked-wallet.js:22 || lottery_solidity/node_modules/web3-provider-engine/subproviders/hooked-wallet.js:92 || lottery_solidity/node_modules/web3-provider-engine/test/wallet.js:178 || lottery_solidity/node_modules/web3-provider-engine/util/rpc-cache-utils.js:110,lottery_solidity/node_modules/ganache-cli/build/cli.node.js:82591 || lottery_solidity/node_modules/ganache-cli/build/lib.node.js:72347 || lottery_solidity/node_modules/ganache-cli/build/provider.node.js:72329 || lottery_solidity/node_modules/ganache-cli/build/server.node.js:72461 || lottery_solidity/node_modules/web3-core-helpers/src/formatters.js:137 || lottery_solidity/node_modules/web3-eth-personal/src/index.js:119,
nntoan1997/lotteryDapp,https://github.com/nntoan1997/lotteryDapp.git,,web/build/static/js/main.f2423495.js:2 || web/build/static/js/main.f2423495.js:2 || web/build/static/js/main.f2423495.js:2 || web/build/static/js/main.f2423495.js:2 || web/build/static/js/main.f2423495.js:2,web/build/static/js/main.f2423495.js:2 || web/build/static/js/main.f2423495.js:2 || web/build/static/js/main.f2423495.js:2,web/build/static/js/main.f2423495.js:2 || web/build/static/js/main.f2423495.js:2,,,,web/build/static/js/main.f2423495.js:2 || web/build/static/js/main.f2423495.js:2 || web/build/static/js/main.f2423495.js:2 || web/build/static/js/main.f2423495.js:2,web/build/static/js/main.f2423495.js:2 || web/build/static/js/main.f2423495.js:2 || web/build/static/js/main.f2423495.js:2,web/build/static/js/main.f2423495.js:2 || web/build/static/js/main.f2423495.js:2,
maxaleks/lotteryDapp,https://github.com/maxaleks/lotteryDapp.git,,,,,,,,,,,
HeiniHeo/LotteryDapp,https://github.com/HeiniHeo/LotteryDapp.git,,,,,,,,,,,
geethubala/LotteryDApp,https://github.com/geethubala/LotteryDApp.git,,,,,,,,,,,
ppolo23/LotteryDapp,https://github.com/ppolo23/LotteryDapp.git,,,,,,,,,,,
dayeong918/LotteryDapp,https://github.com/dayeong918/LotteryDapp.git,,,,,,,,,,,
rishabhmthakur2/lotteryDApp,https://github.com/rishabhmthakur2/lotteryDApp.git,,,,,,,,,,,
aliray/luckyones,https://github.com/aliray/luckyones.git,,,,,,,,,,,
sdardew/lottery-react-app,https://github.com/sdardew/lottery-react-app.git,,,,,,,,,,,
Hemashirisha/LotteryDAPP,https://github.com/Hemashirisha/LotteryDAPP.git,,,,,,,,,,,
belotter/belotter,https://github.com/belotter/belotter.git,,,,,,,,,,,
it-tash/lotteryWorkshop,https://github.com/it-tash/lotteryWorkshop.git,,,public/web3/dist/web3-light.js:5387 || public/web3/dist/web3-light.min.js:1 || public/web3/dist/web3.js:5387 || public/web3/dist/web3.min.js:1 || public/web3/lib/web3/methods/eth.js:214,public/web3/dist/web3-light.js:5645 || public/web3/dist/web3-light.min.js:1 || public/web3/dist/web3.js:5645 || public/web3/dist/web3.min.js:1 || public/web3/lib/web3/methods/personal.js:62,,,,public/web3/example/signature-verifier.js:17 || public/web3/example/signature-verifier.js:38 || public/web3/example/signature-verifier.js:79 || public/web3/example/signature-verifier.js:130 || public/web3/example/signature-verifier.js:171 || public/web3/example/signature-verifier.js:182 || public/web3/example/signature-verifier.js:188 || public/web3/example/signature-verifier.js:188 || public/web3/example/signature-verifier.js:192,public/web3/dist/web3-light.js:5387 || public/web3/dist/web3-light.min.js:1 || public/web3/dist/web3.js:5387 || public/web3/dist/web3.min.js:1 || public/web3/example/signature-verifier.js:89 || public/web3/lib/web3/methods/eth.js:214,public/web3/dist/web3-light.js:5645 || public/web3/dist/web3-light.min.js:1 || public/web3/dist/web3.js:5645 || public/web3/dist/web3.min.js:1 || public/web3/lib/web3/methods/personal.js:62,
mpielvitori/lotteryDApp,https://github.com/mpielvitori/lotteryDApp.git,,,,,,,,,,,
dohyungp/lottery-smart-contract,https://github.com/dohyungp/lottery-smart-contract.git,,,,,,,,,,,
AdriGeorge/LotteryDapp,https://github.com/AdriGeorge/LotteryDapp.git,,
ncs5306/lotteryDapp,https://github.com/ncs5306/lotteryDapp.git,,,,,,,,,,,
galjms/LotteryDapp,https://github.com/galjms/LotteryDapp.git,,
dhruvramdev/LotteryDapp,https://github.com/dhruvramdev/LotteryDapp.git,,,src/js/web3.min.js:2,src/js/web3.min.js:2,,,,,src/js/web3.min.js:2,src/js/web3.min.js:2,