https://github.com/0x9060/blackjack,contracts/provableAPI.sol:1250
https://github.com/2ternal/dapp_study,contracts/node_modules/@openzeppelin/contracts/utils/cryptography/ECDSA.sol:41 || contracts/node_modules/@openzeppelin/contracts/utils/cryptography/ECDSA.sol:65 || contracts/node_modules/@openzeppelin/contracts/utils/cryptography/ECDSA.sol:76 || contracts/node_modules/@openzeppelin/contracts/utils/cryptography/ECDSA.sol:92 || contracts/node_modules/@openzeppelin/contracts/utils/cryptography/ECDSA.sol:152 || contracts/node_modules/@openzeppelin/contracts/utils/cryptography/ECDSA.sol:169
https://github.com/aaankeet/Shop-Dapp,ShopV1-Foundry/lib/forge-std/test/StdCheats.t.sol:90
https://github.com/ABBDVD/fansunite-core,contracts/libraries/SignatureLib.sol:52
https://github.com/AbirHamzi/sla-dapp,contracts/provableAPI_0.5.sol:1251
https://github.com/Acala-EVM-Dapps/Acala-PolkaWorld-Dapp-Hackathon-2022,applications/Meta-Defender/contracts/emergencyJudge.sol:87 || applications/Meta-Defender/contracts/emergencyJudge.sol:91
https://github.com/advock/DAI-protocol,lib/forge-std/test/StdCheats.t.sol:80 || lib/openzeppelin-contracts/contracts/utils/cryptography/ECDSA.sol:39 || lib/openzeppelin-contracts/contracts/utils/cryptography/ECDSA.sol:60 || lib/openzeppelin-contracts/contracts/utils/cryptography/ECDSA.sol:78 || lib/openzeppelin-contracts/contracts/utils/cryptography/ECDSA.sol:138 || lib/openzeppelin-contracts/contracts/utils/cryptography/ECDSA.sol:152 || lib/openzeppelin-contracts/lib/forge-std/src/test/StdCheats.t.sol:79 || src/Fork_DAI.sol:167
https://github.com/aglawson/Raffle_Dapp,contracts/provableAPI.sol:1251
https://github.com/AlannDure/new-dapp,contracts/@openzeppelin/contracts/utils/cryptography/ECDSA.sol:41 || contracts/@openzeppelin/contracts/utils/cryptography/ECDSA.sol:62 || contracts/@openzeppelin/contracts/utils/cryptography/ECDSA.sol:80 || contracts/@openzeppelin/contracts/utils/cryptography/ECDSA.sol:140 || contracts/@openzeppelin/contracts/utils/cryptography/ECDSA.sol:157
https://github.com/AleRapchan/oracle-with-blockchain,dapp/oraclize.sol:1158
https://github.com/All-Aboard/backend,contracts/Identity.sol:99 || contracts/SignatureValidator.sol:11
https://github.com/AmazingAng/WTF-Solidity,37_Signature/Signature.sol:40 || 37_Signature/Signature.sol:41 || 37_Signature/Signature.sol:193 || 50_MultisigWallet/MultisigWallet.sol:98 || 50_MultisigWallet/MultisigWallet.sol:99 || Languages/en/37_Signature_en/Signature.sol:40 || Languages/en/37_Signature_en/Signature.sol:41 || Languages/en/37_Signature_en/Signature.sol:195 || Languages/en/50_MultisigWallet_en/MultisigWallet.sol:114 || Topics/Tools/TOOL07_Foundry/hello_wtf/lib/forge-std/src/test/StdCheats.t.sol:79
https://github.com/amazingfarooqq/buymeacoffee-dapp2,solidity/contracts/libraries/@openzeppelin/contracts/utils/cryptography/ECDSA.sol:39 || solidity/contracts/libraries/@openzeppelin/contracts/utils/cryptography/ECDSA.sol:60 || solidity/contracts/libraries/@openzeppelin/contracts/utils/cryptography/ECDSA.sol:78 || solidity/contracts/libraries/@openzeppelin/contracts/utils/cryptography/ECDSA.sol:138 || solidity/contracts/libraries/@openzeppelin/contracts/utils/cryptography/ECDSA.sol:152
https://github.com/andrew-fleming/project-coinflip-v-6,contracts/provableAPI_0.5.sol:1251
https://github.com/anggapur/Frock-Dapp,packages/solidity/contracts/EIP/ECRecover.sol:29 || packages/solidity/contracts/EIP/ECRecover.sol:32 || packages/solidity/contracts/EIP/ECRecover.sol:49 || packages/solidity/contracts/EIP/ECRecover.sol:62 || packages/solidity/contracts/EIP/ECRecover.sol:66 || packages/solidity/contracts/EIP/ECRecover.sol:70 || packages/solidity/contracts/EIP/ECRecover.sol:71 || packages/solidity/contracts/EIP/EIP712.sol:27 || packages/solidity/contracts/EIP/EIP712.sol:27 || packages/solidity/contracts/EIP/EIP712.sol:85 || packages/solidity/sol_merger/FrockTokenV1.sol:1704 || packages/solidity/sol_merger/FrockTokenV1.sol:1728 || packages/solidity/sol_merger/FrockTokenV1.sol:1739 || packages/solidity/sol_merger/FrockTokenV1.sol:1755 || packages/solidity/sol_merger/FrockTokenV1.sol:1819 || packages/solidity/sol_merger/FrockTokenV1.sol:1836
https://github.com/ankitpareek0141/dex-dapp,ethereum/.deps/npm/@rari-capital/solmate/src/tokens/ERC20.sol:130
https://github.com/ANMOLCODES/PolyPlace,contracts/@openzeppelin/contracts/utils/cryptography/ECDSA.sol:41 || contracts/@openzeppelin/contracts/utils/cryptography/ECDSA.sol:65 || contracts/@openzeppelin/contracts/utils/cryptography/ECDSA.sol:76 || contracts/@openzeppelin/contracts/utils/cryptography/ECDSA.sol:92 || contracts/@openzeppelin/contracts/utils/cryptography/ECDSA.sol:156 || contracts/@openzeppelin/contracts/utils/cryptography/ECDSA.sol:173
https://github.com/apachecn-archive/Dapp-Learning,basic/03-web3js-erc20/SimpleToken-backup.sol:1255 || basic/03-web3js-erc20/SimpleToken-backup.sol:1279 || basic/03-web3js-erc20/SimpleToken-backup.sol:1288 || basic/03-web3js-erc20/SimpleToken-backup.sol:1309 || basic/03-web3js-erc20/SimpleToken-backup.sol:1322 || basic/04-web3js-truffle/contracts/SimpleToken.sol:1255 || basic/04-web3js-truffle/contracts/SimpleToken.sol:1279 || basic/04-web3js-truffle/contracts/SimpleToken.sol:1288 || basic/04-web3js-truffle/contracts/SimpleToken.sol:1309 || basic/04-web3js-truffle/contracts/SimpleToken.sol:1322 || basic/06-ethersjs-waffle/contract/SimpleToken.sol:1255 || basic/06-ethersjs-waffle/contract/SimpleToken.sol:1279 || basic/06-ethersjs-waffle/contract/SimpleToken.sol:1288 || basic/06-ethersjs-waffle/contract/SimpleToken.sol:1309 || basic/06-ethersjs-waffle/contract/SimpleToken.sol:1322 || basic/07-hardhat/contracts/SimpleToken.sol:1255 || basic/07-hardhat/contracts/SimpleToken.sol:1279 || basic/07-hardhat/contracts/SimpleToken.sol:1288 || basic/07-hardhat/contracts/SimpleToken.sol:1309 || basic/07-hardhat/contracts/SimpleToken.sol:1322 || basic/11-react-express-hardhat/contracts/SimpleToken.sol:1255 || basic/11-react-express-hardhat/contracts/SimpleToken.sol:1279 || basic/11-react-express-hardhat/contracts/SimpleToken.sol:1288 || basic/11-react-express-hardhat/contracts/SimpleToken.sol:1309 || basic/11-react-express-hardhat/contracts/SimpleToken.sol:1322 || basic/12-token-crowdfund/contracts/SimpleToken.sol:1255 || basic/12-token-crowdfund/contracts/SimpleToken.sol:1279 || basic/12-token-crowdfund/contracts/SimpleToken.sol:1288 || basic/12-token-crowdfund/contracts/SimpleToken.sol:1309 || basic/12-token-crowdfund/contracts/SimpleToken.sol:1322 || basic/13-decentralized-exchange/EtherDelta/backup/etherdelta.old.sol:256 || basic/13-decentralized-exchange/EtherDelta/backup/etherdelta.old.sol:292 || basic/13-decentralized-exchange/EtherDelta/backup/etherdelta.old.sol:308 || basic/13-decentralized-exchange/EtherDelta/contracts/EtherDelta.sol:405 || basic/13-decentralized-exchange/EtherDelta/contracts/EtherDelta.sol:499 || basic/13-decentralized-exchange/EtherDelta/contracts/EtherDelta.sol:554 || basic/13-decentralized-exchange/backup/HydroExchange.sol:151 || basic/13-decentralized-exchange/backup/HydroExchange.sol:158 || basic/16-nft-auction-exchange/contracts/erc-token/SimpleToken.sol:1255 || basic/16-nft-auction-exchange/contracts/erc-token/SimpleToken.sol:1279 || basic/16-nft-auction-exchange/contracts/erc-token/SimpleToken.sol:1288 || basic/16-nft-auction-exchange/contracts/erc-token/SimpleToken.sol:1309 || basic/16-nft-auction-exchange/contracts/erc-token/SimpleToken.sol:1322 || basic/19-brownie/brownie_test/contracts/Token/SimpleToken.sol:1255 || basic/19-brownie/brownie_test/contracts/Token/SimpleToken.sol:1279 || basic/19-brownie/brownie_test/contracts/Token/SimpleToken.sol:1288 || basic/19-brownie/brownie_test/contracts/Token/SimpleToken.sol:1309 || basic/19-brownie/brownie_test/contracts/Token/SimpleToken.sol:1322 || basic/23-erc865-and-erc875/contracts/VerifySignature.sol:144 || basic/23-erc865-and-erc875/contracts/eip712/EIP712.sol:110 || basic/23-erc865-and-erc875/contracts/erc865/ECDSA.sol:14 || basic/23-erc865-and-erc875/contracts/erc865/ECDSA.sol:39 || basic/23-erc865-and-erc875/contracts/erc865/ECDSA.sol:48 || basic/23-erc865-and-erc875/contracts/erc865/ECDSA.sol:66 || basic/23-erc865-and-erc875/contracts/erc875/ERC875Token.sol:68 || basic/23-erc865-and-erc875/contracts/erc875/ERC875Token.sol:88 || basic/25-multi-sig-wallet/contracts/Verifier.sol:11 || basic/28-optimism-layer2/contracts/SimpleToken.sol:1255 || basic/28-optimism-layer2/contracts/SimpleToken.sol:1279 || basic/28-optimism-layer2/contracts/SimpleToken.sol:1288 || basic/28-optimism-layer2/contracts/SimpleToken.sol:1309 || basic/28-optimism-layer2/contracts/SimpleToken.sol:1322 || security/2-replay/nba/contracts/BuggyNBA.sol:49 || security/2-replay/nba/contracts/SafeNBA.sol:50
https://github.com/Arianee/ArianeeMaster,contracts/ArianeeSmartContract/ECDSA.sol:14 || contracts/ArianeeSmartContract/ECDSA.sol:39 || contracts/ArianeeSmartContract/ECDSA.sol:48 || contracts/ArianeeSmartContract/ECDSA.sol:66
https://github.com/artemka-web3/Real-Estate-Tokenization-DApp,hata/node_modules/@openzeppelin/contracts/utils/cryptography/ECDSA.sol:39 || hata/node_modules/@openzeppelin/contracts/utils/cryptography/ECDSA.sol:60 || hata/node_modules/@openzeppelin/contracts/utils/cryptography/ECDSA.sol:78 || hata/node_modules/@openzeppelin/contracts/utils/cryptography/ECDSA.sol:138 || hata/node_modules/@openzeppelin/contracts/utils/cryptography/ECDSA.sol:152
https://github.com/augusto2610/incluit_dapp_introduction,visualStudioCode/footballTeam/node_modules/@openzeppelin/contracts/utils/cryptography/ECDSA.sol:39 || visualStudioCode/footballTeam/node_modules/@openzeppelin/contracts/utils/cryptography/ECDSA.sol:60 || visualStudioCode/footballTeam/node_modules/@openzeppelin/contracts/utils/cryptography/ECDSA.sol:78 || visualStudioCode/footballTeam/node_modules/@openzeppelin/contracts/utils/cryptography/ECDSA.sol:138 || visualStudioCode/footballTeam/node_modules/@openzeppelin/contracts/utils/cryptography/ECDSA.sol:152
https://github.com/AyushBherwani1998/FilDex,contracts/swap/core/contracts/FilDexERC20.sol:128
https://github.com/baldrDeveloper/baldrContracts,BaldrBondDepository.sol:452 || BaldrToken.sol:1404 || sBaldrToken.sol:925
https://github.com/ballExchange/BallExchange-SmartContracts,Swap/BallFactory/BallFactory.sol:192
https://github.com/Behodler/limbo,contracts/periphery/RealEcosystem/Behodler/WETH10.sol:447 || contracts/periphery/UniswapV2/UniswapV2ERC20.sol:107
https://github.com/billytaylor/coin-flip-dapp,contracts/provableAPI.sol:1267
https://github.com/BitPassion/Dynxt_dapp,dynxt-swap-core/contracts/DYNXTERC20.sol:90 || dynxt-swap-periphery/contracts/test/DeflatingERC20.sol:93 || dynxt-swap-periphery/contracts/test/ERC20.sol:90
https://github.com/Bloceducare/VoteDapp,contracts/_testing/OldClientRaindrop.sol:119 || contracts/_testing/OldClientRaindrop.sol:131 || contracts/_testing/SignatureVerifier.sol:22
https://github.com/CarlosAlbaro/Dapp-Learning-main,basic/03-web3js-erc20/SimpleToken.sol:1255 || basic/03-web3js-erc20/SimpleToken.sol:1279 || basic/03-web3js-erc20/SimpleToken.sol:1288 || basic/03-web3js-erc20/SimpleToken.sol:1309 || basic/03-web3js-erc20/SimpleToken.sol:1322 || basic/04-web3js-truffle/contracts/SimpleToken.sol:1255 || basic/04-web3js-truffle/contracts/SimpleToken.sol:1279 || basic/04-web3js-truffle/contracts/SimpleToken.sol:1288 || basic/04-web3js-truffle/contracts/SimpleToken.sol:1309 || basic/04-web3js-truffle/contracts/SimpleToken.sol:1322 || basic/05-ethersjs-erc20/SimpleToken.sol:1255 || basic/05-ethersjs-erc20/SimpleToken.sol:1279 || basic/05-ethersjs-erc20/SimpleToken.sol:1288 || basic/05-ethersjs-erc20/SimpleToken.sol:1309 || basic/05-ethersjs-erc20/SimpleToken.sol:1322 || basic/06-ethersjs-waffle/contract/SimpleToken.sol:1255 || basic/06-ethersjs-waffle/contract/SimpleToken.sol:1279 || basic/06-ethersjs-waffle/contract/SimpleToken.sol:1288 || basic/06-ethersjs-waffle/contract/SimpleToken.sol:1309 || basic/06-ethersjs-waffle/contract/SimpleToken.sol:1322 || basic/07-hardhat/contracts/SimpleToken.sol:1255 || basic/07-hardhat/contracts/SimpleToken.sol:1279 || basic/07-hardhat/contracts/SimpleToken.sol:1288 || basic/07-hardhat/contracts/SimpleToken.sol:1309 || basic/07-hardhat/contracts/SimpleToken.sol:1322 || basic/08-hardhat-graph/contracts/SimpleToken.sol:1255 || basic/08-hardhat-graph/contracts/SimpleToken.sol:1279 || basic/08-hardhat-graph/contracts/SimpleToken.sol:1288 || basic/08-hardhat-graph/contracts/SimpleToken.sol:1309 || basic/08-hardhat-graph/contracts/SimpleToken.sol:1322 || basic/09-hardhat-react/backup/SimpleToken.sol:1289 || basic/09-hardhat-react/backup/SimpleToken.sol:1313 || basic/09-hardhat-react/backup/SimpleToken.sol:1322 || basic/09-hardhat-react/backup/SimpleToken.sol:1343 || basic/09-hardhat-react/backup/SimpleToken.sol:1356 || basic/09-hardhat-react/contracts/utils/cryptography/ECDSA.sol:16 || basic/09-hardhat-react/contracts/utils/cryptography/ECDSA.sol:40 || basic/09-hardhat-react/contracts/utils/cryptography/ECDSA.sol:49 || basic/09-hardhat-react/contracts/utils/cryptography/ECDSA.sol:70 || basic/09-hardhat-react/contracts/utils/cryptography/ECDSA.sol:83 || basic/11-react-express-hardhat/contracts/SimpleToken.sol:1255 || basic/11-react-express-hardhat/contracts/SimpleToken.sol:1279 || basic/11-react-express-hardhat/contracts/SimpleToken.sol:1288 || basic/11-react-express-hardhat/contracts/SimpleToken.sol:1309 || basic/11-react-express-hardhat/contracts/SimpleToken.sol:1322 || basic/12-token-crowdfund/contracts/SimpleToken.sol:1255 || basic/12-token-crowdfund/contracts/SimpleToken.sol:1279 || basic/12-token-crowdfund/contracts/SimpleToken.sol:1288 || basic/12-token-crowdfund/contracts/SimpleToken.sol:1309 || basic/12-token-crowdfund/contracts/SimpleToken.sol:1322 || basic/13-decentralized-exchange/EtherDelta/backup/etherdelta.old.sol:256 || basic/13-decentralized-exchange/EtherDelta/backup/etherdelta.old.sol:292 || basic/13-decentralized-exchange/EtherDelta/backup/etherdelta.old.sol:308 || basic/13-decentralized-exchange/EtherDelta/contracts/EtherDelta.sol:405 || basic/13-decentralized-exchange/EtherDelta/contracts/EtherDelta.sol:499 || basic/13-decentralized-exchange/EtherDelta/contracts/EtherDelta.sol:554 || basic/13-decentralized-exchange/backup/HydroExchange.sol:151 || basic/13-decentralized-exchange/backup/HydroExchange.sol:158 || basic/16-nft-auction-exchange/contracts/erc-token/SimpleToken.sol:1255 || basic/16-nft-auction-exchange/contracts/erc-token/SimpleToken.sol:1279 || basic/16-nft-auction-exchange/contracts/erc-token/SimpleToken.sol:1288 || basic/16-nft-auction-exchange/contracts/erc-token/SimpleToken.sol:1309 || basic/16-nft-auction-exchange/contracts/erc-token/SimpleToken.sol:1322 || basic/19-brownie/Brownie/contracts/Token/SimpleToken.sol:1255 || basic/19-brownie/Brownie/contracts/Token/SimpleToken.sol:1279 || basic/19-brownie/Brownie/contracts/Token/SimpleToken.sol:1288 || basic/19-brownie/Brownie/contracts/Token/SimpleToken.sol:1309 || basic/19-brownie/Brownie/contracts/Token/SimpleToken.sol:1322 || basic/23-erc865-and-erc875/contracts/eip712/EIP712.sol:110 || basic/23-erc865-and-erc875/contracts/erc865/ECDSA.sol:14 || basic/23-erc865-and-erc875/contracts/erc865/ECDSA.sol:39 || basic/23-erc865-and-erc875/contracts/erc865/ECDSA.sol:48 || basic/23-erc865-and-erc875/contracts/erc865/ECDSA.sol:66 || basic/23-erc865-and-erc875/contracts/erc875/ERC875Token.sol:68 || basic/23-erc865-and-erc875/contracts/erc875/ERC875Token.sol:88 || basic/25-multi-sig-wallet/contracts/Verifier.sol:11 || basic/26-quadratic-vote&gitcoin/contracts/SimpleToken.sol:1255 || basic/26-quadratic-vote&gitcoin/contracts/SimpleToken.sol:1279 || basic/26-quadratic-vote&gitcoin/contracts/SimpleToken.sol:1288 || basic/26-quadratic-vote&gitcoin/contracts/SimpleToken.sol:1309 || basic/26-quadratic-vote&gitcoin/contracts/SimpleToken.sol:1322 || basic/27-Arbitrum-layer2/contracts/SimpleToken.sol:1255 || basic/27-Arbitrum-layer2/contracts/SimpleToken.sol:1279 || basic/27-Arbitrum-layer2/contracts/SimpleToken.sol:1288 || basic/27-Arbitrum-layer2/contracts/SimpleToken.sol:1309 || basic/27-Arbitrum-layer2/contracts/SimpleToken.sol:1322 || basic/28-optimism-layer2/contracts/SimpleToken.sol:1255 || basic/28-optimism-layer2/contracts/SimpleToken.sol:1279 || basic/28-optimism-layer2/contracts/SimpleToken.sol:1288 || basic/28-optimism-layer2/contracts/SimpleToken.sol:1309 || basic/28-optimism-layer2/contracts/SimpleToken.sol:1322 || basic/39-Multicall/contracts/SimpleToken.sol:1255 || basic/39-Multicall/contracts/SimpleToken.sol:1279 || basic/39-Multicall/contracts/SimpleToken.sol:1288 || basic/39-Multicall/contracts/SimpleToken.sol:1309 || basic/39-Multicall/contracts/SimpleToken.sol:1322 || defi/YFI/yearn-protocol/contracts/vaults/CurveVault.sol:100 || defi/YFI/yearn-protocol/contracts/vaults/CurveVault.sol:400
https://github.com/CodyM92/Project_CoinFlip-V2,contracts/provableAPI.sol:1251
https://github.com/CrossChain-Software/zombstein-dapp,src/utils/ECDSA.sol:40 || src/utils/ECDSA.sol:51 || src/utils/ECDSA.sol:107
https://github.com/CUIT-CBI/dapp-lesson2,contracts/UniswapV2Factory.sol:200 || contracts/core/GzxERC20.sol:100
https://github.com/Dapp-Learning-DAO/Dapp-Learning,basic/04-web3js-truffle/contracts/SimpleToken.sol:1255 || basic/04-web3js-truffle/contracts/SimpleToken.sol:1279 || basic/04-web3js-truffle/contracts/SimpleToken.sol:1288 || basic/04-web3js-truffle/contracts/SimpleToken.sol:1309 || basic/04-web3js-truffle/contracts/SimpleToken.sol:1322 || basic/06-ethersjs-waffle/contract/SimpleToken.sol:1255 || basic/06-ethersjs-waffle/contract/SimpleToken.sol:1279 || basic/06-ethersjs-waffle/contract/SimpleToken.sol:1288 || basic/06-ethersjs-waffle/contract/SimpleToken.sol:1309 || basic/06-ethersjs-waffle/contract/SimpleToken.sol:1322 || basic/07-hardhat/contracts/SimpleToken.sol:1255 || basic/07-hardhat/contracts/SimpleToken.sol:1279 || basic/07-hardhat/contracts/SimpleToken.sol:1288 || basic/07-hardhat/contracts/SimpleToken.sol:1309 || basic/07-hardhat/contracts/SimpleToken.sol:1322 || basic/11-react-express-hardhat/contracts/SimpleToken.sol:1255 || basic/11-react-express-hardhat/contracts/SimpleToken.sol:1279 || basic/11-react-express-hardhat/contracts/SimpleToken.sol:1288 || basic/11-react-express-hardhat/contracts/SimpleToken.sol:1309 || basic/11-react-express-hardhat/contracts/SimpleToken.sol:1322 || basic/12-token-crowdfund/contracts/SimpleToken.sol:1255 || basic/12-token-crowdfund/contracts/SimpleToken.sol:1279 || basic/12-token-crowdfund/contracts/SimpleToken.sol:1288 || basic/12-token-crowdfund/contracts/SimpleToken.sol:1309 || basic/12-token-crowdfund/contracts/SimpleToken.sol:1322 || basic/13-decentralized-exchange/EtherDelta/backup/etherdelta.old.sol:256 || basic/13-decentralized-exchange/EtherDelta/backup/etherdelta.old.sol:292 || basic/13-decentralized-exchange/EtherDelta/backup/etherdelta.old.sol:308 || basic/13-decentralized-exchange/EtherDelta/contracts/EtherDelta.sol:405 || basic/13-decentralized-exchange/EtherDelta/contracts/EtherDelta.sol:499 || basic/13-decentralized-exchange/EtherDelta/contracts/EtherDelta.sol:554 || basic/13-decentralized-exchange/backup/HydroExchange.sol:151 || basic/13-decentralized-exchange/backup/HydroExchange.sol:158 || basic/16-nft-auction-exchange/contracts/erc-token/SimpleToken.sol:1255 || basic/16-nft-auction-exchange/contracts/erc-token/SimpleToken.sol:1279 || basic/16-nft-auction-exchange/contracts/erc-token/SimpleToken.sol:1288 || basic/16-nft-auction-exchange/contracts/erc-token/SimpleToken.sol:1309 || basic/16-nft-auction-exchange/contracts/erc-token/SimpleToken.sol:1322 || basic/19-brownie/brownie_test/contracts/Token/SimpleToken.sol:1255 || basic/19-brownie/brownie_test/contracts/Token/SimpleToken.sol:1279 || basic/19-brownie/brownie_test/contracts/Token/SimpleToken.sol:1288 || basic/19-brownie/brownie_test/contracts/Token/SimpleToken.sol:1309 || basic/19-brownie/brownie_test/contracts/Token/SimpleToken.sol:1322 || basic/23-erc865-and-erc875/contracts/VerifySignature.sol:144 || basic/23-erc865-and-erc875/contracts/eip712/EIP712.sol:110 || basic/23-erc865-and-erc875/contracts/erc865/ECDSA.sol:14 || basic/23-erc865-and-erc875/contracts/erc865/ECDSA.sol:39 || basic/23-erc865-and-erc875/contracts/erc865/ECDSA.sol:48 || basic/23-erc865-and-erc875/contracts/erc865/ECDSA.sol:66 || basic/23-erc865-and-erc875/contracts/erc875/ERC875Token.sol:68 || basic/23-erc865-and-erc875/contracts/erc875/ERC875Token.sol:88 || basic/25-multi-sig-wallet/contracts/Verifier.sol:12 || basic/38-ether-rust/examples/SimpleToken.sol:1255 || basic/38-ether-rust/examples/SimpleToken.sol:1279 || basic/38-ether-rust/examples/SimpleToken.sol:1288 || basic/38-ether-rust/examples/SimpleToken.sol:1309 || basic/38-ether-rust/examples/SimpleToken.sol:1322 || security/2-replay/nba/contracts/BuggyNBA.sol:49 || security/2-replay/nba/contracts/SafeNBA.sol:50
https://github.com/dapp-org/dappsys-v2,src/token.sol:89
https://github.com/DappsLab/DappsLab-SmartContracts,archivedContracts/IotFirmwareUpdate.sol:177 || archivedContracts/IotFirmwareUpdate.sol:196 || archivedContracts/contracts/utils/cryptography/ECDSA.sol:38 || archivedContracts/contracts/utils/cryptography/ECDSA.sol:62 || archivedContracts/contracts/utils/cryptography/ECDSA.sol:73 || archivedContracts/contracts/utils/cryptography/ECDSA.sol:89 || archivedContracts/contracts/utils/cryptography/ECDSA.sol:153 || archivedContracts/contracts/utils/cryptography/ECDSA.sol:170 || openzeppelin/contracts/utils/cryptography/ECDSA.sol:38 || openzeppelin/contracts/utils/cryptography/ECDSA.sol:62 || openzeppelin/contracts/utils/cryptography/ECDSA.sol:73 || openzeppelin/contracts/utils/cryptography/ECDSA.sol:89 || openzeppelin/contracts/utils/cryptography/ECDSA.sol:153 || openzeppelin/contracts/utils/cryptography/ECDSA.sol:170
https://github.com/decentraid/core-contracts,contracts/mocks/UsdcToken.sol:686 || flattened_erc20.sol:769 || flattened_erc20.sol:793 || flattened_erc20.sol:804 || flattened_erc20.sol:820 || flattened_erc20.sol:880 || flattened_erc20.sol:897
https://github.com/delightfulabyss/coinflip-dapp,contracts/provableAPI_0.6.sol:1249
https://github.com/demirtasarkinbaris/DappQuizGame,foundry/lib/forge-std/test/StdCheats.t.sol:97
https://github.com/devapanda/jusicyswap-dappuniversity,contracts/GovernorAlpha.sol:274 || contracts/SushiToken.sol:117 || flats/MasterChef_flat.sol:1685 || flats/SushiToken_flat.sol:819
https://github.com/devhemmy/marketplace-dapp,eth-contracts/contracts/Oraclize.sol:1257
https://github.com/D-lyw/basic-dapp,solidity/Bwitter/BwitterToken.sol:944 || solidity/SimpleToken.sol:1255 || solidity/SimpleToken.sol:1279 || solidity/SimpleToken.sol:1288 || solidity/SimpleToken.sol:1309 || solidity/SimpleToken.sol:1322
https://github.com/donriddo/dret,contracts/Oraclize.sol:1919
https://github.com/dukedaily/solidity-expert,cn/04_合约攻击/code/DeFiHackLabs/src/test/Chainswap_exp1.sol:48 || cn/04_合约攻击/code/DeFiHackLabs/src/test/PolyNetwork/utils.sol:901 || cn/08_项目实战-世界杯竞猜/code/contracts/contracts/MultisigWallet.sol:110 || cn/08_项目实战-世界杯竞猜/code/contracts/contracts/MultisigWallet.sol:111 || cn/08_项目实战-世界杯竞猜/code/contracts/contracts/tokens/officialTokens/BitDao-ERC20.sol:959 || cn/08_项目实战-世界杯竞猜/code/contracts/contracts/verifySignature.sol:47
https://github.com/EByrdS/lottery-dapp,lib/forge-std/test/StdCheats.t.sol:97 || lib/openzeppelin-contracts/contracts/utils/cryptography/ECDSA.sol:41 || lib/openzeppelin-contracts/contracts/utils/cryptography/ECDSA.sol:65 || lib/openzeppelin-contracts/contracts/utils/cryptography/ECDSA.sol:76 || lib/openzeppelin-contracts/contracts/utils/cryptography/ECDSA.sol:92 || lib/openzeppelin-contracts/contracts/utils/cryptography/ECDSA.sol:152 || lib/openzeppelin-contracts/contracts/utils/cryptography/ECDSA.sol:169
https://github.com/emusk-co/emusk-protocol,src/ERC1155EMUSK.sol:20 || src/ERC1155EMUSK.sol:37 || src/ERC721EMUSK.sol:21 || src/ERC721EMUSK.sol:22 || src/ERC721EMUSK.sol:77 || src/GeniusNFT.sol:21 || src/GeniusNFT.sol:22 || src/GeniusNFT.sol:77 || src/SkyNFT.sol:22 || src/SkyNFT.sol:23 || src/SkyNFT.sol:80 || src/libraries/StringLibrary.sol:38
https://github.com/ErdemOzgen/Solidity-Learning-Archive,BooksAndCodes/SolidityExample/verifySignature.sol:99
https://github.com/Erroders/dapp-tools,utils/imports/@openzeppelin/contracts/utils/cryptography/ECDSA.sol:41 || utils/imports/@openzeppelin/contracts/utils/cryptography/ECDSA.sol:65 || utils/imports/@openzeppelin/contracts/utils/cryptography/ECDSA.sol:76 || utils/imports/@openzeppelin/contracts/utils/cryptography/ECDSA.sol:92 || utils/imports/@openzeppelin/contracts/utils/cryptography/ECDSA.sol:152 || utils/imports/@openzeppelin/contracts/utils/cryptography/ECDSA.sol:169
https://github.com/ETIM-PAUL/gasless_dapp,Contract/lib/forge-std/test/StdCheats.t.sol:97
https://github.com/FastLane-Labs/atlas,lib/forge-std/test/StdCheats.t.sol:80 || lib/solmate/src/tokens/ERC20.sol:130 || src/contracts/atlas/AtlETH.sol:143
https://github.com/ffrancis-reis/real-estate,eth-contracts/contracts/Oraclize.sol:1911
https://github.com/fidentiss/dapp_loteria_ethereum,TRUFFLE/contracts/contracts/utils/cryptography/ECDSA.sol:39 || TRUFFLE/contracts/contracts/utils/cryptography/ECDSA.sol:60 || TRUFFLE/contracts/contracts/utils/cryptography/ECDSA.sol:78 || TRUFFLE/contracts/contracts/utils/cryptography/ECDSA.sol:138 || TRUFFLE/contracts/contracts/utils/cryptography/ECDSA.sol:152
https://github.com/firechiang/solidity-dapp,swap_uni/core2/UniswapV2ERC20.sol:99 || swap_uni/core2_deploy/01UniswapV2Factory.sol:200
https://github.com/flaredomains/fns-monorepo,apps/forge/lib/forge-std/test/StdCheats.t.sol:80
https://github.com/fstnetwork/dapps-demo,src/contracts/02-ECRecover.sol:31 || src/contracts/02-ECRecover.sol:33
https://github.com/gGh00sTt/Blockchain-Ecommerce-Dapp,@openzeppelin/contracts/cryptography/ECDSA.sol:16 || @openzeppelin/contracts/cryptography/ECDSA.sol:37 || @openzeppelin/contracts/cryptography/ECDSA.sol:46 || @openzeppelin/contracts/cryptography/ECDSA.sol:64
https://github.com/gorojou/bridge-ui-eth-bsc-poc,contracts/PermittableToken.sol:152 || contracts/libraries/Message.sol:69 || contracts/libraries/Message.sol:123 || contracts/mocks/ChaiMock.sol:150 || contracts/mocks/DaiMock.sol:131 || submodules/poa-bridge-contracts/contracts/PermittableToken.sol:233 || submodules/poa-bridge-contracts/contracts/libraries/Message.sol:69 || submodules/poa-bridge-contracts/contracts/libraries/Message.sol:123
https://github.com/grantkee/whitelist-dapp3,forge/lib/forge-std/test/StdCheats.t.sol:80
https://github.com/HANYONUJUN/Dapp,contracts/node_modules/@openzeppelin/contracts/utils/cryptography/ECDSA.sol:39 || contracts/node_modules/@openzeppelin/contracts/utils/cryptography/ECDSA.sol:60 || contracts/node_modules/@openzeppelin/contracts/utils/cryptography/ECDSA.sol:78 || contracts/node_modules/@openzeppelin/contracts/utils/cryptography/ECDSA.sol:125 || contracts/node_modules/@openzeppelin/contracts/utils/cryptography/ECDSA.sol:139
https://github.com/HardlyCodeMan/dapp-project,contracts/provableAPI.sol:1254
https://github.com/Haysoose/Coinflip-Dapp,provableAPI.sol:1251
https://github.com/hoangcutehotme/Dapp-NFT,DApp-starter/contracts/@openzeppelin/contracts/utils/cryptography/ECDSA.sol:41 || DApp-starter/contracts/@openzeppelin/contracts/utils/cryptography/ECDSA.sol:62 || DApp-starter/contracts/@openzeppelin/contracts/utils/cryptography/ECDSA.sol:80 || DApp-starter/contracts/@openzeppelin/contracts/utils/cryptography/ECDSA.sol:140 || DApp-starter/contracts/@openzeppelin/contracts/utils/cryptography/ECDSA.sol:157 || DApp-starter/node_modules/@openzeppelin/contracts/utils/cryptography/ECDSA.sol:39 || DApp-starter/node_modules/@openzeppelin/contracts/utils/cryptography/ECDSA.sol:60 || DApp-starter/node_modules/@openzeppelin/contracts/utils/cryptography/ECDSA.sol:78 || DApp-starter/node_modules/@openzeppelin/contracts/utils/cryptography/ECDSA.sol:138 || DApp-starter/node_modules/@openzeppelin/contracts/utils/cryptography/ECDSA.sol:152
https://github.com/holyaustin/Pension-Fi,smart_contract/lib/forge-std/src/test/StdCheats.t.sol:79
https://github.com/holyaustin/PensionFinance,smart_contract/lib/forge-std/src/test/StdCheats.t.sol:79
https://github.com/honganh1903/dapp-marketplace,contracts/@openzeppelin/contracts/utils/cryptography/ECDSA.sol:41 || contracts/@openzeppelin/contracts/utils/cryptography/ECDSA.sol:62 || contracts/@openzeppelin/contracts/utils/cryptography/ECDSA.sol:80 || contracts/@openzeppelin/contracts/utils/cryptography/ECDSA.sol:140 || contracts/@openzeppelin/contracts/utils/cryptography/ECDSA.sol:157
https://github.com/iiiyu/DApp-Demo,chain_end/lib/forge-std/src/test/StdCheats.t.sol:79
https://github.com/infamousdegen/VotingDapp,contracts/lib/forge-std/test/StdCheats.t.sol:80 || contracts/lib/openzeppelin-contracts/contracts/utils/cryptography/ECDSA.sol:39 || contracts/lib/openzeppelin-contracts/contracts/utils/cryptography/ECDSA.sol:60 || contracts/lib/openzeppelin-contracts/contracts/utils/cryptography/ECDSA.sol:78 || contracts/lib/openzeppelin-contracts/contracts/utils/cryptography/ECDSA.sol:138 || contracts/lib/openzeppelin-contracts/contracts/utils/cryptography/ECDSA.sol:152 || contracts/lib/openzeppelin-contracts/lib/forge-std/src/test/StdCheats.t.sol:79 || contracts/lib/solmate/src/tokens/ERC20.sol:130
https://github.com/Infinite-Charisma/True-Yield,lib/forge-std/src/test/StdCheats.t.sol:79
https://github.com/InPlusLab/DAppSCAN,DAppSCAN-source/contracts/BlockSec-blocksec_alpaca_v1.0_signed/bsc-alpaca-contract-cb13e32fe5a4ba6f63b0235bd4624715592e4abe/contracts/5/protocol/apis/mdex/MdexFactory.sol:722 || DAppSCAN-source/contracts/BlockSec-blocksec_alpaca_v1.0_signed/bsc-alpaca-contract-cb13e32fe5a4ba6f63b0235bd4624715592e4abe/contracts/5/protocol/apis/wault/WaultSwapFactory.sol:287 || DAppSCAN-source/contracts/BlockSec-blocksec_alpaca_v1.0_signed/bsc-alpaca-contract-cb13e32fe5a4ba6f63b0235bd4624715592e4abe/contracts/6/protocol/apis/mdex/MdxToken.sol:866 || DAppSCAN-source/contracts/BlockSec-blocksec_alpaca_v1.0_signed/bsc-alpaca-contract-cb13e32fe5a4ba6f63b0235bd4624715592e4abe/contracts/6/protocol/apis/pancake/PancakeMasterChef.sol:1063 || DAppSCAN-source/contracts/BlockSec-blocksec_alpaca_v1.0_signed/bsc-alpaca-contract-cb13e32fe5a4ba6f63b0235bd4624715592e4abe/contracts/6/protocol/apis/pancake/PancakeMasterChef.sol:1327 || DAppSCAN-source/contracts/BlockSec-blocksec_alpaca_v1.0_signed/bsc-alpaca-contract-cb13e32fe5a4ba6f63b0235bd4624715592e4abe/contracts/6/protocol/apis/sushi/MasterChef.sol:1275 || DAppSCAN-source/contracts/BlockSec-blocksec_alpaca_v1.0_signed/bsc-alpaca-contract-cb13e32fe5a4ba6f63b0235bd4624715592e4abe/contracts/6/token/AlpacaToken.sol:245 || DAppSCAN-source/contracts/BlockSec-blocksec_impossible_finance_swap_v1.2/impossible-swap-core-29aaef89f996acdbee92b67c4d95fb608dc8b876/contracts/ImpossibleERC20.sol:124 || DAppSCAN-source/contracts/BlockSec-blocksec_impossible_finance_swap_v1.2/impossible-swap-core-29aaef89f996acdbee92b67c4d95fb608dc8b876/contracts/test/DeflatingERC20.sol:115 || DAppSCAN-source/contracts/BlockSec-blocksec_polynetwork_v2.0/eth-contracts-2b1cbe073e40a7bd26022d1cda9341b4780d07ee/contracts/core/cross_chain_manager/libs/EthCrossChainUtils.sol:126 || DAppSCAN-source/contracts/BlockSec-blocksec_stnd_v1.7_signed/standard-evm-d7c016ca098a4e5a554583c499fc0cead4db7088/contracts/tokens/multichain/anyswap/AnyswapV5ERC20.sol:492 || DAppSCAN-source/contracts/BlockSec-blocksec_stnd_v1.7_signed/standard-evm-d7c016ca098a4e5a554583c499fc0cead4db7088/contracts/tokens/multichain/anyswap/AnyswapV5ERC20.sol:498 || DAppSCAN-source/contracts/BlockSec-blocksec_stnd_v1.7_signed/standard-evm-d7c016ca098a4e5a554583c499fc0cead4db7088/contracts/tokens/multichain/libraries/meta-transaction/ECRecover.sol:3 || DAppSCAN-source/contracts/BlockSec-blocksec_stnd_v1.7_signed/standard-evm-d7c016ca098a4e5a554583c499fc0cead4db7088/contracts/tokens/multichain/libraries/meta-transaction/ECRecover.sol:31 || DAppSCAN-source/contracts/BlockSec-blocksec_stnd_v1.7_signed/standard-evm-d7c016ca098a4e5a554583c499fc0cead4db7088/contracts/tokens/multichain/libraries/meta-transaction/ECRecover.sol:34 || DAppSCAN-source/contracts/BlockSec-blocksec_stnd_v1.7_signed/standard-evm-d7c016ca098a4e5a554583c499fc0cead4db7088/contracts/tokens/multichain/libraries/meta-transaction/ECRecover.sol:51 || DAppSCAN-source/contracts/BlockSec-blocksec_stnd_v1.7_signed/standard-evm-d7c016ca098a4e5a554583c499fc0cead4db7088/contracts/tokens/multichain/libraries/meta-transaction/ECRecover.sol:64 || DAppSCAN-source/contracts/BlockSec-blocksec_stnd_v1.7_signed/standard-evm-d7c016ca098a4e5a554583c499fc0cead4db7088/contracts/tokens/multichain/libraries/meta-transaction/ECRecover.sol:68 || DAppSCAN-source/contracts/BlockSec-blocksec_stnd_v1.7_signed/standard-evm-d7c016ca098a4e5a554583c499fc0cead4db7088/contracts/tokens/multichain/libraries/meta-transaction/ECRecover.sol:72 || DAppSCAN-source/contracts/BlockSec-blocksec_stnd_v1.7_signed/standard-evm-d7c016ca098a4e5a554583c499fc0cead4db7088/contracts/tokens/multichain/libraries/meta-transaction/ECRecover.sol:73 || DAppSCAN-source/contracts/BlockSec-blocksec_stnd_v1.7_signed/standard-evm-d7c016ca098a4e5a554583c499fc0cead4db7088/contracts/tokens/multichain/libraries/meta-transaction/EIP712.sol:28 || DAppSCAN-source/contracts/BlockSec-blocksec_stnd_v1.7_signed/standard-evm-d7c016ca098a4e5a554583c499fc0cead4db7088/contracts/tokens/multichain/libraries/meta-transaction/EIP712.sol:90 || DAppSCAN-source/contracts/BlockSec-blocksec_stnd_v1.7_signed/standard-evm-d7c016ca098a4e5a554583c499fc0cead4db7088/contracts/uniswapv2/UniswapV2ERC20.sol:129 || DAppSCAN-source/contracts/BlockSec-blocksec_stnd_v1.7_signed/standard-evm-d7c016ca098a4e5a554583c499fc0cead4db7088/contracts/vaults/meter/Meter.sol:115 || DAppSCAN-source/contracts/Blockchain Labs NZ-BitHero/BitHeroToken-master/Crowdsale.sol:87 || DAppSCAN-source/contracts/Byterocket-RealityCards v2[09.18.2021]/RealityCards-Contracts-4d2316e4628425f35edae26f1e0627a4142d053b/contracts/lib/NativeMetaTransaction.sol:97 || DAppSCAN-source/contracts/Callisto_Network-DeFiFarms Protocol Security Audit/BSCSCAN-0xd023618fa3d91f7862d277d59f2e8ad560df01fc#code.sol:414 || DAppSCAN-source/contracts/Callisto_Network-IDEX Security Audit/idex-4a05eb28e570e9820066474ff2adc924ce7a27bd/Exchange.sol:144 || DAppSCAN-source/contracts/Callisto_Network-IDEX Security Audit/idex-4a05eb28e570e9820066474ff2adc924ce7a27bd/Exchange.sol:177 || DAppSCAN-source/contracts/Callisto_Network-IDEX Security Audit/idex-4a05eb28e570e9820066474ff2adc924ce7a27bd/Exchange.sol:188 || DAppSCAN-source/contracts/Callisto_Network-IDEX Security Audit/idex-4a05eb28e570e9820066474ff2adc924ce7a27bd/Exchange.sol:199 || DAppSCAN-source/contracts/Callisto_Network-IDEX Security Audit/idex-4a05eb28e570e9820066474ff2adc924ce7a27bd/Exchange.sol:211 || DAppSCAN-source/contracts/Callisto_Network-IDEX Security Audit/idex-4a05eb28e570e9820066474ff2adc924ce7a27bd/ExchangeWhitelist.sol:111 || DAppSCAN-source/contracts/Callisto_Network-IDEX Security Audit/idex-4a05eb28e570e9820066474ff2adc924ce7a27bd/ExchangeWhitelist.sol:142 || DAppSCAN-source/contracts/Callisto_Network-IDEX Security Audit/idex-4a05eb28e570e9820066474ff2adc924ce7a27bd/ExchangeWhitelist.sol:151 || DAppSCAN-source/contracts/Callisto_Network-McAfeeDex Security Audit/MCAFEEDEXCONTRACT-5db8389ce23ce11fb273c9573772287aa75ce43b/contract.sol:260 || DAppSCAN-source/contracts/Callisto_Network-McAfeeDex Security Audit/MCAFEEDEXCONTRACT-5db8389ce23ce11fb273c9573772287aa75ce43b/contract.sol:294 || DAppSCAN-source/contracts/Callisto_Network-McAfeeDex Security Audit/MCAFEEDEXCONTRACT-5db8389ce23ce11fb273c9573772287aa75ce43b/contract.sol:310 || DAppSCAN-source/contracts/Chainsecurity-Angle Protocol  Borrowing Module/angle-borrow-0363b6a137a44e22ee06b3187ba74f7798c1af08/contracts/vaultManager/VaultManagerPermit.sol:71 || DAppSCAN-source/contracts/Chainsecurity-Angle Protocol/angle-core-46e6d32837cbe97a4af0adb693e63afa0d01fc3e/contracts/dao/Governor.sol:319 || DAppSCAN-source/contracts/Chainsecurity-Compound  cToken unredacted/compound-protocol-4a54ec5c55b66ea67d44b76f3056f0ed7229db8c/contracts/Governance/Comp.sol:165 || DAppSCAN-source/contracts/Chainsecurity-Compound  cToken unredacted/compound-protocol-4a54ec5c55b66ea67d44b76f3056f0ed7229db8c/contracts/Governance/GovernorAlpha.sol:257 || DAppSCAN-source/contracts/Chainsecurity-Compound  cToken unredacted/compound-protocol-4a54ec5c55b66ea67d44b76f3056f0ed7229db8c/contracts/Governance/GovernorBravoDelegate.sol:247 || DAppSCAN-source/contracts/Chainsecurity-Compound  cToken unredacted/compound-protocol-4a54ec5c55b66ea67d44b76f3056f0ed7229db8c/spec/certora/contracts/mcd/Dai.sol:134 || DAppSCAN-source/contracts/Chainsecurity-POA Network  OmniBridge/omnibridge-9e602a3719e32feabc18fc387b9474acfa28cfe2/precompiled/PermittableToken_flat.sol:938 || DAppSCAN-source/contracts/Chainsulting-DSLA Protocol-project1/Smart-Contract-Security-Audits-master/Percent Finance/erc20-token/percentfinance.sol:169 || DAppSCAN-source/contracts/Chainsulting-DSLA Protocol-project1/Smart-Contract-Security-Audits-master/Percent Finance/percent-finance-protocol/contracts/Governance/Comp.sol:165 || DAppSCAN-source/contracts/Chainsulting-DSLA Protocol-project1/Smart-Contract-Security-Audits-master/Percent Finance/percent-finance-protocol/contracts/Governance/GovernorAlpha.sol:256 || DAppSCAN-source/contracts/Chainsulting-DSLA Protocol-project1/Smart-Contract-Security-Audits-master/Percent Finance/percent-finance-protocol/spec/certora/contracts/mcd/Dai.sol:134 || DAppSCAN-source/contracts/Chainsulting-Furucombo-project2/BoringSolidity-master/contracts/BoringCooker.sol:59 || DAppSCAN-source/contracts/Chainsulting-Furucombo-project2/BoringSolidity-master/contracts/ERC20.sol:114 || DAppSCAN-source/contracts/Chainsulting-GSPI Club-project1/openzeppelin-contracts-2.0.1/contracts/cryptography/ECDSA.sol:6 || DAppSCAN-source/contracts/Chainsulting-GSPI Club-project1/openzeppelin-contracts-2.0.1/contracts/cryptography/ECDSA.sol:32 || DAppSCAN-source/contracts/Chainsulting-GSPI Club-project1/openzeppelin-contracts-2.0.1/contracts/cryptography/ECDSA.sol:51 || DAppSCAN-source/contracts/Chainsulting-GSPI Club-project2/openzeppelin-contracts-3.2.0/contracts/cryptography/ECDSA.sol:16 || DAppSCAN-source/contracts/Chainsulting-GSPI Club-project2/openzeppelin-contracts-3.2.0/contracts/cryptography/ECDSA.sol:37 || DAppSCAN-source/contracts/Chainsulting-GSPI Club-project2/openzeppelin-contracts-3.2.0/contracts/cryptography/ECDSA.sol:46 || DAppSCAN-source/contracts/Chainsulting-GSPI Club-project2/openzeppelin-contracts-3.2.0/contracts/cryptography/ECDSA.sol:64 || DAppSCAN-source/contracts/Chainsulting-Global Rockstar/openzeppelin-contracts-upgradeable-master/contracts/utils/cryptography/ECDSAUpgradeable.sol:41 || DAppSCAN-source/contracts/Chainsulting-Global Rockstar/openzeppelin-contracts-upgradeable-master/contracts/utils/cryptography/ECDSAUpgradeable.sol:65 || DAppSCAN-source/contracts/Chainsulting-Global Rockstar/openzeppelin-contracts-upgradeable-master/contracts/utils/cryptography/ECDSAUpgradeable.sol:77 || DAppSCAN-source/contracts/Chainsulting-Global Rockstar/openzeppelin-contracts-upgradeable-master/contracts/utils/cryptography/ECDSAUpgradeable.sol:94 || DAppSCAN-source/contracts/Chainsulting-Global Rockstar/openzeppelin-contracts-upgradeable-master/contracts/utils/cryptography/ECDSAUpgradeable.sol:154 || DAppSCAN-source/contracts/Chainsulting-Global Rockstar/openzeppelin-contracts-upgradeable-master/contracts/utils/cryptography/ECDSAUpgradeable.sol:171 || DAppSCAN-source/contracts/Chainsulting-MakiSwap/openzeppelin-contracts-3.2.0/contracts/cryptography/ECDSA.sol:16 || DAppSCAN-source/contracts/Chainsulting-MakiSwap/openzeppelin-contracts-3.2.0/contracts/cryptography/ECDSA.sol:37 || DAppSCAN-source/contracts/Chainsulting-MakiSwap/openzeppelin-contracts-3.2.0/contracts/cryptography/ECDSA.sol:46 || DAppSCAN-source/contracts/Chainsulting-MakiSwap/openzeppelin-contracts-3.2.0/contracts/cryptography/ECDSA.sol:64 || DAppSCAN-source/contracts/Chainsulting-Nexxo/Smart-Contract-Security-Audits-master/Percent Finance/erc20-token/percentfinance.sol:169 || DAppSCAN-source/contracts/Chainsulting-Nexxo/Smart-Contract-Security-Audits-master/Percent Finance/percent-finance-protocol/contracts/Governance/Comp.sol:165 || DAppSCAN-source/contracts/Chainsulting-Nexxo/Smart-Contract-Security-Audits-master/Percent Finance/percent-finance-protocol/contracts/Governance/GovernorAlpha.sol:256 || DAppSCAN-source/contracts/Chainsulting-Nexxo/Smart-Contract-Security-Audits-master/Percent Finance/percent-finance-protocol/spec/certora/contracts/mcd/Dai.sol:134 || DAppSCAN-source/contracts/Chainsulting-SWAPP Protocol-project1/openzeppelin-contracts-3.3.0/contracts/cryptography/ECDSA.sol:16 || DAppSCAN-source/contracts/Chainsulting-SWAPP Protocol-project1/openzeppelin-contracts-3.3.0/contracts/cryptography/ECDSA.sol:37 || DAppSCAN-source/contracts/Chainsulting-SWAPP Protocol-project1/openzeppelin-contracts-3.3.0/contracts/cryptography/ECDSA.sol:46 || DAppSCAN-source/contracts/Chainsulting-SWAPP Protocol-project1/openzeppelin-contracts-3.3.0/contracts/cryptography/ECDSA.sol:59 || DAppSCAN-source/contracts/Chainsulting-SWAPP Protocol-project2/openzeppelin-contracts-4.2.0/contracts/utils/cryptography/ECDSA.sol:16 || DAppSCAN-source/contracts/Chainsulting-SWAPP Protocol-project2/openzeppelin-contracts-4.2.0/contracts/utils/cryptography/ECDSA.sol:38 || DAppSCAN-source/contracts/Chainsulting-SWAPP Protocol-project2/openzeppelin-contracts-4.2.0/contracts/utils/cryptography/ECDSA.sol:49 || DAppSCAN-source/contracts/Chainsulting-SWAPP Protocol-project2/openzeppelin-contracts-4.2.0/contracts/utils/cryptography/ECDSA.sol:91 || DAppSCAN-source/contracts/Chainsulting-SWAPP Protocol-project2/openzeppelin-contracts-4.2.0/contracts/utils/cryptography/ECDSA.sol:107 || DAppSCAN-source/contracts/Chainsulting-Shopping-project1/openzeppelin-contracts-2.0.1/contracts/cryptography/ECDSA.sol:6 || DAppSCAN-source/contracts/Chainsulting-Shopping-project1/openzeppelin-contracts-2.0.1/contracts/cryptography/ECDSA.sol:32 || DAppSCAN-source/contracts/Chainsulting-Shopping-project1/openzeppelin-contracts-2.0.1/contracts/cryptography/ECDSA.sol:51 || DAppSCAN-source/contracts/Chainsulting-Shopping-project2/openzeppelin-contracts-3.2.0/contracts/cryptography/ECDSA.sol:16 || DAppSCAN-source/contracts/Chainsulting-Shopping-project2/openzeppelin-contracts-3.2.0/contracts/cryptography/ECDSA.sol:37 || DAppSCAN-source/contracts/Chainsulting-Shopping-project2/openzeppelin-contracts-3.2.0/contracts/cryptography/ECDSA.sol:46 || DAppSCAN-source/contracts/Chainsulting-Shopping-project2/openzeppelin-contracts-3.2.0/contracts/cryptography/ECDSA.sol:64 || DAppSCAN-source/contracts/Chainsulting-UNILAYERX/openzeppelin-contracts-2.3.0/contracts/cryptography/ECDSA.sol:14 || DAppSCAN-source/contracts/Chainsulting-UNILAYERX/openzeppelin-contracts-2.3.0/contracts/cryptography/ECDSA.sol:39 || DAppSCAN-source/contracts/Chainsulting-UNILAYERX/openzeppelin-contracts-2.3.0/contracts/cryptography/ECDSA.sol:48 || DAppSCAN-source/contracts/Chainsulting-UNILAYERX/openzeppelin-contracts-2.3.0/contracts/cryptography/ECDSA.sol:66 || DAppSCAN-source/contracts/Coinbae-Deus_Finance_DEAStaking/0x-monorepo-abd479dc68fa75719647db261130418725fd40d5/contracts/coordinator/contracts/src/MixinSignatureValidator.sol:82 || DAppSCAN-source/contracts/Coinbae-Deus_Finance_DEAStaking/0x-monorepo-abd479dc68fa75719647db261130418725fd40d5/contracts/coordinator/contracts/src/MixinSignatureValidator.sol:99 || DAppSCAN-source/contracts/Coinbae-Deus_Finance_DEAStaking/0x-monorepo-abd479dc68fa75719647db261130418725fd40d5/contracts/exchange/contracts/src/MixinSignatureValidator.sol:344 || DAppSCAN-source/contracts/Coinbae-Deus_Finance_DEAStaking/0x-monorepo-abd479dc68fa75719647db261130418725fd40d5/contracts/exchange/contracts/src/MixinSignatureValidator.sol:365 || DAppSCAN-source/contracts/Coinbae-Deus_Finance_DEAStaking/0x-monorepo-abd479dc68fa75719647db261130418725fd40d5/contracts/exchange/contracts/src/MixinSignatureValidator.sol:431 || DAppSCAN-source/contracts/Coinbae-Deus_Finance_DEAStaking/0x-monorepo-abd479dc68fa75719647db261130418725fd40d5/packages/abi-gen/test-cli/fixtures/contracts/AbiGenDummy.sol:97 || DAppSCAN-source/contracts/Coinbae-Deus_Finance_DEAStaking/0x-monorepo-abd479dc68fa75719647db261130418725fd40d5/packages/sol-compiler/test/fixtures/contracts/Exchange.sol:465 || DAppSCAN-source/contracts/Coinfabrik-DreamTeam Token Audit/smart-contracts-master/contracts/token/DreamTeamToken.sol:203 || DAppSCAN-source/contracts/Coinfabrik-DreamTeam Token Audit/smart-contracts-master/contracts/token/DreamTeamToken.sol:219 || DAppSCAN-source/contracts/Coinfabrik-DreamTeam Token Audit/smart-contracts-master/contracts/token/DreamTeamToken.sol:221 || DAppSCAN-source/contracts/Coinfabrik-DreamTeam Token Audit/smart-contracts-master/contracts/token/DreamTeamToken.sol:225 || DAppSCAN-source/contracts/Coinfabrik-DreamTeam Token Audit/smart-contracts-master/contracts/token/DreamTeamToken.sol:227 || DAppSCAN-source/contracts/Coinfabrik-EMDX – Protocol Audit/perpetual-protocol-emdx-main/src/MetaTxGateway.sol:202 || DAppSCAN-source/contracts/Coinfabrik-MintingFactoryV2
https://github.com/ITExpert0228/Meme_project,smart_contracts/contracts/base/Airdrop.sol:98 || smart_contracts/contracts/base/BaseBridge.sol:95 || smart_contracts/contracts/upgradeable/AirdropUpgradeable.sol:102 || smart_contracts/contracts/upgradeable/BaseBridgeUpgradeable.sol:98
https://github.com/ivanminutillo/dapp,contracts/COMP.sol:167 || contracts/GovernorAlpha.sol:256
https://github.com/jackeyli/insurance,contracts/oraclize/usingOraclize.sol:1257
https://github.com/Jackitbox/Marketplace-Dapp,marketplace.sol:61
https://github.com/jaesimin0903/DappNFT,contracts/node_modules/@openzeppelin/contracts/utils/cryptography/ECDSA.sol:41 || contracts/node_modules/@openzeppelin/contracts/utils/cryptography/ECDSA.sol:62 || contracts/node_modules/@openzeppelin/contracts/utils/cryptography/ECDSA.sol:80 || contracts/node_modules/@openzeppelin/contracts/utils/cryptography/ECDSA.sol:140 || contracts/node_modules/@openzeppelin/contracts/utils/cryptography/ECDSA.sol:157
https://github.com/Jaimeloeuf/Gasless-Magic,contracts/.archive/proxy contracts/proxy_call.sol:60
https://github.com/jarededrake/casino-dapp,contracts/usingProvable.sol:1267
https://github.com/jcstein/gm-portal,contracts/lib/forge-std/test/StdCheats.t.sol:80
https://github.com/joewww/deadmanSwitch,installed_contracts/zeppelin/contracts/ECRecovery.sol:43
https://github.com/johnmyronmillar/LivingHealthyDapp,libraries/oraclizeAPI_0.5.sol:1250
https://github.com/jorgect207/NFT-DAPP,NFT-MINT-LW3/lib/forge-std/test/StdCheats.t.sol:80
https://github.com/JournalStack/full-dapp,contracts/lib/forge-std/test/StdCheats.t.sol:80
https://github.com/jungspin/DApp_project,contracts/node_modules/@openzeppelin/contracts/utils/cryptography/ECDSA.sol:41 || contracts/node_modules/@openzeppelin/contracts/utils/cryptography/ECDSA.sol:65 || contracts/node_modules/@openzeppelin/contracts/utils/cryptography/ECDSA.sol:76 || contracts/node_modules/@openzeppelin/contracts/utils/cryptography/ECDSA.sol:92 || contracts/node_modules/@openzeppelin/contracts/utils/cryptography/ECDSA.sol:152 || contracts/node_modules/@openzeppelin/contracts/utils/cryptography/ECDSA.sol:169
https://github.com/jyotirmoydotdev/JBToken-Dapp,JBToken-Contract/lib/forge-std/test/StdCheats.t.sol:97 || JBToken-Contract/lib/openzeppelin-contracts/contracts/utils/cryptography/ECDSA.sol:39 || JBToken-Contract/lib/openzeppelin-contracts/contracts/utils/cryptography/ECDSA.sol:60 || JBToken-Contract/lib/openzeppelin-contracts/contracts/utils/cryptography/ECDSA.sol:78 || JBToken-Contract/lib/openzeppelin-contracts/contracts/utils/cryptography/ECDSA.sol:125 || JBToken-Contract/lib/openzeppelin-contracts/contracts/utils/cryptography/ECDSA.sol:139 || JBToken-Contract/lib/openzeppelin-contracts/lib/forge-std/test/StdCheats.t.sol:80
https://github.com/KaiStryker/coinflip-dapp,contracts/provableAPI.sol:1251
https://github.com/Keyrxng/GhostsOfEpochsPast,src/additional/EIP712.sol:59
https://github.com/kingdayx/Dapp-contracts,contracts/ZeroLoss.sol:118
https://github.com/kl456123/dappDev-go,contracts/WyvernExchange.sol:663 || contracts/WyvernExchange.sol:682
https://github.com/klaytn/examples,foundry/lib/forge-std/test/StdCheats.t.sol:90
https://github.com/lanrebayode/LotteryDapp,loto_app/node_modules/@chainlink/contracts/src/v0.5/dev/Coordinator.sol:214 || loto_app/node_modules/@chainlink/contracts/src/v0.5/dev/SchnorrSECP256K1.sol:82 || loto_app/node_modules/@chainlink/contracts/src/v0.5/dev/SchnorrSECP256K1.sol:85 || loto_app/node_modules/@chainlink/contracts/src/v0.5/dev/SchnorrSECP256K1.sol:85 || loto_app/node_modules/@chainlink/contracts/src/v0.5/dev/SchnorrSECP256K1.sol:86 || loto_app/node_modules/@chainlink/contracts/src/v0.5/dev/SchnorrSECP256K1.sol:111 || loto_app/node_modules/@chainlink/contracts/src/v0.5/dev/SchnorrSECP256K1.sol:112 || loto_app/node_modules/@chainlink/contracts/src/v0.5/dev/SchnorrSECP256K1.sol:130 || loto_app/node_modules/@chainlink/contracts/src/v0.5/dev/SchnorrSECP256K1.sol:132 || loto_app/node_modules/@chainlink/contracts/src/v0.5/dev/SchnorrSECP256K1.sol:136 || loto_app/node_modules/@chainlink/contracts/src/v0.6/VRF.sol:58 || loto_app/node_modules/@chainlink/contracts/src/v0.6/VRF.sol:83 || loto_app/node_modules/@chainlink/contracts/src/v0.6/VRF.sol:259 || loto_app/node_modules/@chainlink/contracts/src/v0.6/VRF.sol:262 || loto_app/node_modules/@chainlink/contracts/src/v0.6/VRF.sol:263 || loto_app/node_modules/@chainlink/contracts/src/v0.6/VRF.sol:267 || loto_app/node_modules/@chainlink/contracts/src/v0.6/VRF.sol:304 || loto_app/node_modules/@chainlink/contracts/src/v0.6/VRF.sol:384 || loto_app/node_modules/@chainlink/contracts/src/v0.6/VRF.sol:389 || loto_app/node_modules/@chainlink/contracts/src/v0.6/VRF.sol:391 || loto_app/node_modules/@chainlink/contracts/src/v0.6/VRF.sol:395 || loto_app/node_modules/@chainlink/contracts/src/v0.6/VRF.sol:447 || loto_app/node_modules/@chainlink/contracts/src/v0.8/VRF.sol:58 || loto_app/node_modules/@chainlink/contracts/src/v0.8/VRF.sol:83 || loto_app/node_modules/@chainlink/contracts/src/v0.8/VRF.sol:266 || loto_app/node_modules/@chainlink/contracts/src/v0.8/VRF.sol:269 || loto_app/node_modules/@chainlink/contracts/src/v0.8/VRF.sol:270 || loto_app/node_modules/@chainlink/contracts/src/v0.8/VRF.sol:274 || loto_app/node_modules/@chainlink/contracts/src/v0.8/VRF.sol:323 || loto_app/node_modules/@chainlink/contracts/src/v0.8/VRF.sol:425 || loto_app/node_modules/@chainlink/contracts/src/v0.8/VRF.sol:433 || loto_app/node_modules/@chainlink/contracts/src/v0.8/VRF.sol:435 || loto_app/node_modules/@chainlink/contracts/src/v0.8/VRF.sol:439 || loto_app/node_modules/@chainlink/contracts/src/v0.8/VRF.sol:499 || loto_app/node_modules/@chainlink/contracts/src/v0.8/dev/ocr2/OCR2Base.sol:48 || loto_app/node_modules/@chainlink/contracts/src/v0.8/dev/ocr2/OCR2Base.sol:355 || loto_app/node_modules/@openzeppelin/contracts-v0.7/cryptography/ECDSA.sol:16 || loto_app/node_modules/@openzeppelin/contracts-v0.7/cryptography/ECDSA.sol:37 || loto_app/node_modules/@openzeppelin/contracts-v0.7/cryptography/ECDSA.sol:54 || loto_app/node_modules/@openzeppelin/contracts-v0.7/cryptography/ECDSA.sol:67 || loto_app/node_modules/@openzeppelin/contracts/utils/cryptography/ECDSA.sol:39 || loto_app/node_modules/@openzeppelin/contracts/utils/cryptography/ECDSA.sol:60 || loto_app/node_modules/@openzeppelin/contracts/utils/cryptography/ECDSA.sol:78 || loto_app/node_modules/@openzeppelin/contracts/utils/cryptography/ECDSA.sol:138 || loto_app/node_modules/@openzeppelin/contracts/utils/cryptography/ECDSA.sol:152
https://github.com/lumtis/ethboards,contracts/EthBoards.sol:101
https://github.com/marronjo/social-dapp,lib/forge-std/test/StdCheats.t.sol:97
https://github.com/mcgraneder/CoinflipDapp,BackEnd/contracts/ProovableABI.sol:1251 || BackEnd/node_modules/@openzeppelin/contracts/utils/cryptography/ECDSA.sol:16 || BackEnd/node_modules/@openzeppelin/contracts/utils/cryptography/ECDSA.sol:36 || BackEnd/node_modules/@openzeppelin/contracts/utils/cryptography/ECDSA.sol:45 || BackEnd/node_modules/@openzeppelin/contracts/utils/cryptography/ECDSA.sol:66 || BackEnd/node_modules/@openzeppelin/contracts/utils/cryptography/ECDSA.sol:79
https://github.com/mcv9201/Twitter-Dapp,contracts/v0.6/VRF.sol:58 || contracts/v0.6/VRF.sol:83 || contracts/v0.6/VRF.sol:259 || contracts/v0.6/VRF.sol:262 || contracts/v0.6/VRF.sol:263 || contracts/v0.6/VRF.sol:267 || contracts/v0.6/VRF.sol:304 || contracts/v0.6/VRF.sol:384 || contracts/v0.6/VRF.sol:389 || contracts/v0.6/VRF.sol:391 || contracts/v0.6/VRF.sol:395 || contracts/v0.6/VRF.sol:447
https://github.com/mikekrow/Solidity-Projects,Random Number/Provable.sol:1251
https://github.com/MingxiYe/solc-DApp,example-inputDir/Crowdsale.sol:87
https://github.com/monetas-tech/gsn-dapp,contracts/Monetas.sol:98 || contracts/Monetas.sol:119 || contracts/Monetas.sol:136 || contracts/Monetas.sol:149 || contracts/Monetas.sol:1469
https://github.com/Mosesp4/Todo_Dapps,smart_contract/node_modules/@openzeppelin/contracts/utils/cryptography/ECDSA.sol:39 || smart_contract/node_modules/@openzeppelin/contracts/utils/cryptography/ECDSA.sol:60 || smart_contract/node_modules/@openzeppelin/contracts/utils/cryptography/ECDSA.sol:78 || smart_contract/node_modules/@openzeppelin/contracts/utils/cryptography/ECDSA.sol:138 || smart_contract/node_modules/@openzeppelin/contracts/utils/cryptography/ECDSA.sol:152
https://github.com/MrsP3lt/DappHacks,lib/forge-std/test/StdCheats.t.sol:97 || lib/openzeppelin-contracts/contracts/utils/cryptography/ECDSA.sol:39 || lib/openzeppelin-contracts/contracts/utils/cryptography/ECDSA.sol:60 || lib/openzeppelin-contracts/contracts/utils/cryptography/ECDSA.sol:78 || lib/openzeppelin-contracts/contracts/utils/cryptography/ECDSA.sol:125 || lib/openzeppelin-contracts/contracts/utils/cryptography/ECDSA.sol:139 || lib/openzeppelin-contracts/lib/forge-std/test/StdCheats.t.sol:80 || lib/solmate/src/tokens/ERC20.sol:130
https://github.com/MusicPulse-SuperHack/musicpulse-dapp,contracts/lib/forge-std/test/StdCheats.t.sol:80
https://github.com/NamaWho/coinflip-dapp,contracts/api/provableAPI_0.5.sol:1251
https://github.com/NexusSolutions/guitar-swap,contracts/CakeToken.sol:122 || contracts/SyrupBar.sol:138
https://github.com/NJCinnamond/sports-betting-dapp,lib/forge-std/test/StdCheats.t.sol:80
https://github.com/Nonnyjoe/Classmate-Plus,backend/lib/forge-std/test/StdCheats.t.sol:97
https://github.com/otampy3184/truffle-boxed,contracts/utils/cryptography/ECDSA.sol:41 || contracts/utils/cryptography/ECDSA.sol:65 || contracts/utils/cryptography/ECDSA.sol:76 || contracts/utils/cryptography/ECDSA.sol:92 || contracts/utils/cryptography/ECDSA.sol:152 || contracts/utils/cryptography/ECDSA.sol:169
https://github.com/outsource-dao/wallet-dapp,smart-contracts/contracts/cryptography/ECDSA.sol:16 || smart-contracts/contracts/cryptography/ECDSA.sol:37 || smart-contracts/contracts/cryptography/ECDSA.sol:46 || smart-contracts/contracts/cryptography/ECDSA.sol:64
https://github.com/Perelyn-sama/smart-contracts,contracts/aurora/BRL-TOKEN.sol:989 || contracts/aurora/FACTORY.sol:195 || contracts/wyvern.sol:747 || contracts/wyvern.sol:766
https://github.com/pirdbunnie/dapp-template,hardhat/contracts/examples/EIP712Verify.sol:42 || hardhat/contracts/examples/VerifySignature.sol:99
https://github.com/Polygon-Advocates/zkevm-nextjs-counter-dapp,contracts/lib/forge-std/test/StdCheats.t.sol:97
https://github.com/powerdev0510/Twitter-Dapp,contracts/Identity/ClaimVerifier.sol:80
https://github.com/queqoogithub/dapp_utils,verify_signature.sol:98
https://github.com/ricardoprins/decentralhacks,smartcontracts/contract/Election.sol:130 || smartcontracts/contracts/Election.sol:118
https://github.com/Ro5s/flo,contracts/NFTShards.sol:125
https://github.com/RobinCHoffpauir/dapp,src/ERC20/WithPermit.sol:37 || src/ERC20/WithPermitAndFixedDomain.sol:53
https://github.com/Rolfarion/coinflip_dapp,contracts/provableAPI.sol:1251
https://github.com/Ronexlemon/Peerpal,backend/lib/forge-std/test/StdCheats.t.sol:97 || backend/node_modules/@chainlink/contracts/node_modules/@openzeppelin/contracts/utils/cryptography/ECDSA.sol:38 || backend/node_modules/@chainlink/contracts/node_modules/@openzeppelin/contracts/utils/cryptography/ECDSA.sol:62 || backend/node_modules/@chainlink/contracts/node_modules/@openzeppelin/contracts/utils/cryptography/ECDSA.sol:73 || backend/node_modules/@chainlink/contracts/node_modules/@openzeppelin/contracts/utils/cryptography/ECDSA.sol:89 || backend/node_modules/@chainlink/contracts/node_modules/@openzeppelin/contracts/utils/cryptography/ECDSA.sol:153 || backend/node_modules/@chainlink/contracts/node_modules/@openzeppelin/contracts/utils/cryptography/ECDSA.sol:170 || backend/node_modules/@chainlink/contracts/src/v0.5/dev/Coordinator.sol:214 || backend/node_modules/@chainlink/contracts/src/v0.5/dev/SchnorrSECP256K1.sol:82 || backend/node_modules/@chainlink/contracts/src/v0.5/dev/SchnorrSECP256K1.sol:85 || backend/node_modules/@chainlink/contracts/src/v0.5/dev/SchnorrSECP256K1.sol:85 || backend/node_modules/@chainlink/contracts/src/v0.5/dev/SchnorrSECP256K1.sol:86 || backend/node_modules/@chainlink/contracts/src/v0.5/dev/SchnorrSECP256K1.sol:111 || backend/node_modules/@chainlink/contracts/src/v0.5/dev/SchnorrSECP256K1.sol:112 || backend/node_modules/@chainlink/contracts/src/v0.5/dev/SchnorrSECP256K1.sol:130 || backend/node_modules/@chainlink/contracts/src/v0.5/dev/SchnorrSECP256K1.sol:132 || backend/node_modules/@chainlink/contracts/src/v0.5/dev/SchnorrSECP256K1.sol:136 || backend/node_modules/@chainlink/contracts/src/v0.6/VRF.sol:58 || backend/node_modules/@chainlink/contracts/src/v0.6/VRF.sol:83 || backend/node_modules/@chainlink/contracts/src/v0.6/VRF.sol:259 || backend/node_modules/@chainlink/contracts/src/v0.6/VRF.sol:262 || backend/node_modules/@chainlink/contracts/src/v0.6/VRF.sol:263 || backend/node_modules/@chainlink/contracts/src/v0.6/VRF.sol:267 || backend/node_modules/@chainlink/contracts/src/v0.6/VRF.sol:304 || backend/node_modules/@chainlink/contracts/src/v0.6/VRF.sol:384 || backend/node_modules/@chainlink/contracts/src/v0.6/VRF.sol:389 || backend/node_modules/@chainlink/contracts/src/v0.6/VRF.sol:391 || backend/node_modules/@chainlink/contracts/src/v0.6/VRF.sol:395 || backend/node_modules/@chainlink/contracts/src/v0.6/VRF.sol:447 || backend/node_modules/@chainlink/contracts/src/v0.8/automation/v2_0/KeeperRegistry2_0.sol:681 || backend/node_modules/@chainlink/contracts/src/v0.8/dev/automation/v2_1/KeeperRegistryBase2_1.sol:830 || backend/node_modules/@chainlink/contracts/src/v0.8/dev/ocr2/OCR2Base.sol:50 || backend/node_modules/@chainlink/contracts/src/v0.8/dev/ocr2/OCR2Base.sol:372 || backend/node_modules/@chainlink/contracts/src/v0.8/dev/transmission/ERC-4337/SCALibrary.sol:45 || backend/node_modules/@chainlink/contracts/src/v0.8/functions/dev/v0_0_0/ocr/OCR2Base.sol:50 || backend/node_modules/@chainlink/contracts/src/v0.8/functions/dev/v0_0_0/ocr/OCR2Base.sol:372 || backend/node_modules/@chainlink/contracts/src/v0.8/functions/dev/v0_0_0/ocr/OCR2BaseUpgradeable.sol:55 || backend/node_modules/@chainlink/contracts/src/v0.8/functions/dev/v0_0_0/ocr/OCR2BaseUpgradeable.sol:377 || backend/node_modules/@chainlink/contracts/src/v0.8/functions/dev/v1_0_0/accessControl/TermsOfServiceAllowList.sol:88 || backend/node_modules/@chainlink/contracts/src/v0.8/functions/dev/v1_0_0/ocr/OCR2Base.sol:51 || backend/node_modules/@chainlink/contracts/src/v0.8/functions/dev/v1_0_0/ocr/OCR2Base.sol:355 || backend/node_modules/@chainlink/contracts/src/v0.8/functions/tests/v0_0_0/testhelpers/mocks/OCR2BaseUpgradeable.sol:55 || backend/node_modules/@chainlink/contracts/src/v0.8/functions/tests/v0_0_0/testhelpers/mocks/OCR2BaseUpgradeable.sol:377 || backend/node_modules/@chainlink/contracts/src/v0.8/llo-feeds/Verifier.sol:300 || backend/node_modules/@chainlink/contracts/src/v0.8/vendor/openzeppelin-solidity/v4.8.0/contracts/utils/cryptography/ECDSA.sol:39 || backend/node_modules/@chainlink/contracts/src/v0.8/vendor/openzeppelin-solidity/v4.8.0/contracts/utils/cryptography/ECDSA.sol:60 || backend/node_modules/@chainlink/contracts/src/v0.8/vendor/openzeppelin-solidity/v4.8.0/contracts/utils/cryptography/ECDSA.sol:78 || backend/node_modules/@chainlink/contracts/src/v0.8/vendor/openzeppelin-solidity/v4.8.0/contracts/utils/cryptography/ECDSA.sol:125 || backend/node_modules/@chainlink/contracts/src/v0.8/vendor/openzeppelin-solidity/v4.8.0/contracts/utils/cryptography/ECDSA.sol:139 || backend/node_modules/@chainlink/contracts/src/v0.8/vrf/VRF.sol:58 || backend/node_modules/@chainlink/contracts/src/v0.8/vrf/VRF.sol:83 || backend/node_modules/@chainlink/contracts/src/v0.8/vrf/VRF.sol:266 || backend/node_modules/@chainlink/contracts/src/v0.8/vrf/VRF.sol:269 || backend/node_modules/@chainlink/contracts/src/v0.8/vrf/VRF.sol:270 || backend/node_modules/@chainlink/contracts/src/v0.8/vrf/VRF.sol:274 || backend/node_modules/@chainlink/contracts/src/v0.8/vrf/VRF.sol:323 || backend/node_modules/@chainlink/contracts/src/v0.8/vrf/VRF.sol:417 || backend/node_modules/@chainlink/contracts/src/v0.8/vrf/VRF.sol:425 || backend/node_modules/@chainlink/contracts/src/v0.8/vrf/VRF.sol:427 || backend/node_modules/@chainlink/contracts/src/v0.8/vrf/VRF.sol:431 || backend/node_modules/@chainlink/contracts/src/v0.8/vrf/VRF.sol:491 || backend/node_modules/@openzeppelin/contracts-upgradeable-4.7.3/utils/cryptography/ECDSAUpgradeable.sol:41 || backend/node_modules/@openzeppelin/contracts-upgradeable-4.7.3/utils/cryptography/ECDSAUpgradeable.sol:62 || backend/node_modules/@openzeppelin/contracts-upgradeable-4.7.3/utils/cryptography/ECDSAUpgradeable.sol:80 || backend/node_modules/@openzeppelin/contracts-upgradeable-4.7.3/utils/cryptography/ECDSAUpgradeable.sol:140 || backend/node_modules/@openzeppelin/contracts-upgradeable-4.7.3/utils/cryptography/ECDSAUpgradeable.sol:157 || backend/node_modules/@openzeppelin/contracts-v0.7/cryptography/ECDSA.sol:16 || backend/node_modules/@openzeppelin/contracts-v0.7/cryptography/ECDSA.sol:37 || backend/node_modules/@openzeppelin/contracts-v0.7/cryptography/ECDSA.sol:54 || backend/node_modules/@openzeppelin/contracts-v0.7/cryptography/ECDSA.sol:67 || backend/node_modules/@openzeppelin/contracts/utils/cryptography/ECDSA.sol:39 || backend/node_modules/@openzeppelin/contracts/utils/cryptography/ECDSA.sol:60 || backend/node_modules/@openzeppelin/contracts/utils/cryptography/ECDSA.sol:78 || backend/node_modules/@openzeppelin/contracts/utils/cryptography/ECDSA.sol:125 || backend/node_modules/@openzeppelin/contracts/utils/cryptography/ECDSA.sol:139
https://github.com/rube-de/coinflippDapp,sol/contracts/provableAPI.sol:1251
https://github.com/rust-master/staking-dapp,contracts/contracts/utils/cryptography/ECDSA.sol:16 || contracts/contracts/utils/cryptography/ECDSA.sol:38 || contracts/contracts/utils/cryptography/ECDSA.sol:49 || contracts/contracts/utils/cryptography/ECDSA.sol:91 || contracts/contracts/utils/cryptography/ECDSA.sol:107
https://github.com/sambacha/ds-tools,src/CheatCodes.sol:166 || src/CheatCodes.sol:180
https://github.com/santi-nihany/noir-dapp,noir-app/lib/forge-std/test/StdCheats.t.sol:97 || noir-app/lib/solmate/src/tokens/ERC20.sol:130
https://github.com/sebastianbarkan/Nodify,contracts/lib/forge-std/test/StdCheats.t.sol:97
https://github.com/seokheejang/klaytn-multisig,contracts/SafeContract/GnosisSafe.sol:294 || contracts/SafeContract/GnosisSafe.sol:295 || contracts/SafeContract/GnosisSafe.sol:297 || contracts/SafeContract/GnosisSafe.sol:298 || contracts/SafeContract/GnosisSafe.sol:299
https://github.com/seongkyu-lim/Dapp-project,contracts/node_modules/@openzeppelin/contracts/utils/cryptography/ECDSA.sol:39 || contracts/node_modules/@openzeppelin/contracts/utils/cryptography/ECDSA.sol:60 || contracts/node_modules/@openzeppelin/contracts/utils/cryptography/ECDSA.sol:78 || contracts/node_modules/@openzeppelin/contracts/utils/cryptography/ECDSA.sol:138 || contracts/node_modules/@openzeppelin/contracts/utils/cryptography/ECDSA.sol:152
https://github.com/sgmnt-art/dapp_prototype,packages/contracts/lib/forge-std/test/StdCheats.t.sol:80
https://github.com/shobhit-gupta/blockchain-foundry-fundme,lib/forge-std/test/StdCheats.t.sol:97
https://github.com/Shuixingchen/go-dapp,abis/contracts/MultiSig.sol:338 || abis/contracts/MultiSig.sol:362 || abis/contracts/MultiSig.sol:373 || abis/contracts/MultiSig.sol:389 || abis/contracts/MultiSig.sol:449 || abis/contracts/MultiSig.sol:466
https://github.com/sripwoud/dapp-template,contracts/lib/forge-std/test/StdCheats.t.sol:80
https://github.com/status-im/account-contracts,contracts/account/MultisigAccount.sol:100 || contracts/cryptography/ECDSA.sol:14 || contracts/cryptography/ECDSA.sol:39 || contracts/cryptography/ECDSA.sol:48 || contracts/cryptography/ECDSA.sol:66
https://github.com/SumSumCorn/bnpl-dapp,src/contracts/usingOraclize.sol:1266
https://github.com/susanmu2020/Dapp-Learning,basic/03-web3js-erc20/SimpleToken-backup.sol:1255 || basic/03-web3js-erc20/SimpleToken-backup.sol:1279 || basic/03-web3js-erc20/SimpleToken-backup.sol:1288 || basic/03-web3js-erc20/SimpleToken-backup.sol:1309 || basic/03-web3js-erc20/SimpleToken-backup.sol:1322 || basic/04-web3js-truffle/contracts/SimpleToken.sol:1255 || basic/04-web3js-truffle/contracts/SimpleToken.sol:1279 || basic/04-web3js-truffle/contracts/SimpleToken.sol:1288 || basic/04-web3js-truffle/contracts/SimpleToken.sol:1309 || basic/04-web3js-truffle/contracts/SimpleToken.sol:1322 || basic/06-ethersjs-waffle/contract/SimpleToken.sol:1255 || basic/06-ethersjs-waffle/contract/SimpleToken.sol:1279 || basic/06-ethersjs-waffle/contract/SimpleToken.sol:1288 || basic/06-ethersjs-waffle/contract/SimpleToken.sol:1309 || basic/06-ethersjs-waffle/contract/SimpleToken.sol:1322 || basic/07-hardhat/contracts/SimpleToken.sol:1255 || basic/07-hardhat/contracts/SimpleToken.sol:1279 || basic/07-hardhat/contracts/SimpleToken.sol:1288 || basic/07-hardhat/contracts/SimpleToken.sol:1309 || basic/07-hardhat/contracts/SimpleToken.sol:1322 || basic/11-react-express-hardhat/contracts/SimpleToken.sol:1255 || basic/11-react-express-hardhat/contracts/SimpleToken.sol:1279 || basic/11-react-express-hardhat/contracts/SimpleToken.sol:1288 || basic/11-react-express-hardhat/contracts/SimpleToken.sol:1309 || basic/11-react-express-hardhat/contracts/SimpleToken.sol:1322 || basic/12-token-crowdfund/contracts/SimpleToken.sol:1255 || basic/12-token-crowdfund/contracts/SimpleToken.sol:1279 || basic/12-token-crowdfund/contracts/SimpleToken.sol:1288 || basic/12-token-crowdfund/contracts/SimpleToken.sol:1309 || basic/12-token-crowdfund/contracts/SimpleToken.sol:1322 || basic/13-decentralized-exchange/EtherDelta/backup/etherdelta.old.sol:256 || basic/13-decentralized-exchange/EtherDelta/backup/etherdelta.old.sol:292 || basic/13-decentralized-exchange/EtherDelta/backup/etherdelta.old.sol:308 || basic/13-decentralized-exchange/EtherDelta/contracts/EtherDelta.sol:405 || basic/13-decentralized-exchange/EtherDelta/contracts/EtherDelta.sol:499 || basic/13-decentralized-exchange/EtherDelta/contracts/EtherDelta.sol:554 || basic/13-decentralized-exchange/backup/HydroExchange.sol:151 || basic/13-decentralized-exchange/backup/HydroExchange.sol:158 || basic/16-nft-auction-exchange/contracts/erc-token/SimpleToken.sol:1255 || basic/16-nft-auction-exchange/contracts/erc-token/SimpleToken.sol:1279 || basic/16-nft-auction-exchange/contracts/erc-token/SimpleToken.sol:1288 || basic/16-nft-auction-exchange/contracts/erc-token/SimpleToken.sol:1309 || basic/16-nft-auction-exchange/contracts/erc-token/SimpleToken.sol:1322 || basic/19-brownie/brownie_test/contracts/Token/SimpleToken.sol:1255 || basic/19-brownie/brownie_test/contracts/Token/SimpleToken.sol:1279 || basic/19-brownie/brownie_test/contracts/Token/SimpleToken.sol:1288 || basic/19-brownie/brownie_test/contracts/Token/SimpleToken.sol:1309 || basic/19-brownie/brownie_test/contracts/Token/SimpleToken.sol:1322 || basic/23-erc865-and-erc875/contracts/VerifySignature.sol:144 || basic/23-erc865-and-erc875/contracts/eip712/EIP712.sol:110 || basic/23-erc865-and-erc875/contracts/erc865/ECDSA.sol:14 || basic/23-erc865-and-erc875/contracts/erc865/ECDSA.sol:39 || basic/23-erc865-and-erc875/contracts/erc865/ECDSA.sol:48 || basic/23-erc865-and-erc875/contracts/erc865/ECDSA.sol:66 || basic/23-erc865-and-erc875/contracts/erc875/ERC875Token.sol:68 || basic/23-erc865-and-erc875/contracts/erc875/ERC875Token.sol:88 || basic/25-multi-sig-wallet/contracts/Verifier.sol:11 || basic/28-optimism-layer2/contracts/SimpleToken.sol:1255 || basic/28-optimism-layer2/contracts/SimpleToken.sol:1279 || basic/28-optimism-layer2/contracts/SimpleToken.sol:1288 || basic/28-optimism-layer2/contracts/SimpleToken.sol:1309 || basic/28-optimism-layer2/contracts/SimpleToken.sol:1322 || defi/YFI/yearn-protocol/contracts/vaults/CurveVault.sol:100 || defi/YFI/yearn-protocol/contracts/vaults/CurveVault.sol:400 || security/2-replay/nba/contracts/BuggyNBA.sol:49 || security/2-replay/nba/contracts/SafeNBA.sol:50
https://github.com/tektohub/dapp-DeFI,contracts/MamieCryptoV2ERC20.sol:119
https://github.com/tomas819/flipcoin,contracts/provableAPI_0.5.sol:1267
https://github.com/tomi204/NFT-Marketplace-Dapp,backend/lib/forge-std/test/StdCheats.t.sol:80
https://github.com/tuananhk13bk/super-dapp,contracts/BiconomyStaking.sol:404 || contracts/BiconomyStaking.sol:509 || contracts/BiconomyStaking.sol:535
https://github.com/umair-mirza/true-yield,lib/forge-std/src/test/StdCheats.t.sol:79
https://github.com/unipine/token-swap-basic,libraries/utils/cryptography/ECDSA.sol:41 || libraries/utils/cryptography/ECDSA.sol:65 || libraries/utils/cryptography/ECDSA.sol:76 || libraries/utils/cryptography/ECDSA.sol:92 || libraries/utils/cryptography/ECDSA.sol:152 || libraries/utils/cryptography/ECDSA.sol:169
https://github.com/vishakak47/DAPP,ColdChain.sol:31
https://github.com/wagmi-dev/create-wagmi,templates/next/cli-foundry/contracts/lib/forge-std/test/StdCheats.t.sol:80 || templates/vite-react/cli-foundry/contracts/lib/forge-std/test/StdCheats.t.sol:80
https://github.com/wassimans/DMSD,contracts/lib/forge-std/test/StdCheats.t.sol:80
https://github.com/weima12345-abc/solidity_Dapp,区块链期末考试/truffle/contracts copy/utils/cryptography/ECDSA.sol:41 || 区块链期末考试/truffle/contracts copy/utils/cryptography/ECDSA.sol:65 || 区块链期末考试/truffle/contracts copy/utils/cryptography/ECDSA.sol:76 || 区块链期末考试/truffle/contracts copy/utils/cryptography/ECDSA.sol:92 || 区块链期末考试/truffle/contracts copy/utils/cryptography/ECDSA.sol:156 || 区块链期末考试/truffle/contracts copy/utils/cryptography/ECDSA.sol:173
https://github.com/xyzeng7909/DappLearn,Example13-hardhat-auction-exchange/backup/etherdelta.sol:256 || Example13-hardhat-auction-exchange/backup/etherdelta.sol:292 || Example13-hardhat-auction-exchange/backup/etherdelta.sol:308 || Learn-DEFI-YFI/yearn-protocol/contracts/vaults/CurveVault.sol:100 || Learn-DEFI-YFI/yearn-protocol/contracts/vaults/CurveVault.sol:400
https://github.com/YONGBAAM/dapp-starter-inventory,@openzeppelin/contracts/utils/cryptography/ECDSA.sol:41 || @openzeppelin/contracts/utils/cryptography/ECDSA.sol:65 || @openzeppelin/contracts/utils/cryptography/ECDSA.sol:76 || @openzeppelin/contracts/utils/cryptography/ECDSA.sol:92 || @openzeppelin/contracts/utils/cryptography/ECDSA.sol:152 || @openzeppelin/contracts/utils/cryptography/ECDSA.sol:169
https://github.com/yongteak/potential-waffle,contracts/SimplePayment.sol:82
https://github.com/ytham/zk_example_dapp,contracts/lib/forge-std/test/StdCheats.t.sol:90
https://github.com/zhuchentong/poker-dapp,aaa.sol:260
