======================================= 0x9060/blackjack || contracts/provableAPI.sol =======================================
======================================= 2ternal/dapp_study || contracts/node_modules/@openzeppelin/contracts/utils/cryptography/ECDSA.sol =======================================
======================================= aaankeet/Shop-Dapp || ShopV1-Foundry/lib/forge-std/test/StdCheats.t.sol =======================================
======================================= ABBDVD/fansunite-core || contracts/libraries/SignatureLib.sol =======================================
======================================= AbirHamzi/sla-dapp || contracts/provableAPI_0.5.sol =======================================
======================================= Acala-EVM-Dapps/Acala-PolkaWorld-Dapp-Hackathon-2022 || applications/Meta-Defender/contracts/emergencyJudge.sol =======================================
======================================= advock/DAI-protocol || lib/forge-std/test/StdCheats.t.sol =======================================
======================================= aglawson/Raffle_Dapp || contracts/provableAPI.sol =======================================
======================================= AlannDure/new-dapp || contracts/@openzeppelin/contracts/utils/cryptography/ECDSA.sol =======================================
======================================= AleRapchan/oracle-with-blockchain || dapp/oraclize.sol =======================================
======================================= All-Aboard/backend || contracts/Identity.sol =======================================
======================================= AmazingAng/WTF-Solidity || 37_Signature/Signature.sol =======================================
======================================= amazingfarooqq/buymeacoffee-dapp2 || solidity/contracts/libraries/@openzeppelin/contracts/utils/cryptography/ECDSA.sol =======================================
======================================= andrew-fleming/project-coinflip-v-6 || contracts/provableAPI_0.5.sol =======================================
======================================= anggapur/Frock-Dapp || packages/solidity/contracts/EIP/ECRecover.sol =======================================
======================================= ankitpareek0141/dex-dapp || ethereum/.deps/npm/@rari-capital/solmate/src/tokens/ERC20.sol =======================================
======================================= ANMOLCODES/PolyPlace || contracts/@openzeppelin/contracts/utils/cryptography/ECDSA.sol =======================================
======================================= apachecn-archive/Dapp-Learning || basic/03-web3js-erc20/SimpleToken-backup.sol =======================================
======================================= Arianee/ArianeeMaster || contracts/ArianeeSmartContract/ECDSA.sol =======================================
======================================= artemka-web3/Real-Estate-Tokenization-DApp || hata/node_modules/@openzeppelin/contracts/utils/cryptography/ECDSA.sol =======================================
======================================= augusto2610/incluit_dapp_introduction || visualStudioCode/footballTeam/node_modules/@openzeppelin/contracts/utils/cryptography/ECDSA.sol =======================================
======================================= AyushBherwani1998/FilDex || contracts/swap/core/contracts/FilDexERC20.sol =======================================
======================================= baldrDeveloper/baldrContracts || BaldrBondDepository.sol =======================================
======================================= ballExchange/BallExchange-SmartContracts || Swap/BallFactory/BallFactory.sol =======================================
======================================= Behodler/limbo || contracts/periphery/RealEcosystem/Behodler/WETH10.sol =======================================
======================================= billytaylor/coin-flip-dapp || contracts/provableAPI.sol =======================================
======================================= BitPassion/Dynxt_dapp || dynxt-swap-core/contracts/DYNXTERC20.sol =======================================
======================================= Bloceducare/VoteDapp || contracts/_testing/OldClientRaindrop.sol =======================================
======================================= CarlosAlbaro/Dapp-Learning-main || basic/03-web3js-erc20/SimpleToken.sol =======================================
======================================= CodyM92/Project_CoinFlip-V2 || contracts/provableAPI.sol =======================================
======================================= CrossChain-Software/zombstein-dapp || src/utils/ECDSA.sol =======================================
======================================= CUIT-CBI/dapp-lesson2 || contracts/UniswapV2Factory.sol =======================================
======================================= Dapp-Learning-DAO/Dapp-Learning || basic/04-web3js-truffle/contracts/SimpleToken.sol =======================================
======================================= dapp-org/dappsys-v2 || src/token.sol =======================================
======================================= DappsLab/DappsLab-SmartContracts || archivedContracts/IotFirmwareUpdate.sol =======================================
======================================= decentraid/core-contracts || contracts/mocks/UsdcToken.sol =======================================
======================================= delightfulabyss/coinflip-dapp || contracts/provableAPI_0.6.sol =======================================
======================================= demirtasarkinbaris/DappQuizGame || foundry/lib/forge-std/test/StdCheats.t.sol =======================================
======================================= devapanda/jusicyswap-dappuniversity || contracts/GovernorAlpha.sol =======================================
======================================= devhemmy/marketplace-dapp || eth-contracts/contracts/Oraclize.sol =======================================
======================================= D-lyw/basic-dapp || solidity/Bwitter/BwitterToken.sol =======================================
======================================= donriddo/dret || contracts/Oraclize.sol =======================================
======================================= dukedaily/solidity-expert || cn/04_合约攻击/code/DeFiHackLabs/src/test/Chainswap_exp1.sol =======================================
======================================= EByrdS/lottery-dapp || lib/forge-std/test/StdCheats.t.sol =======================================
======================================= emusk-co/emusk-protocol || src/ERC1155EMUSK.sol =======================================
======================================= ErdemOzgen/Solidity-Learning-Archive || BooksAndCodes/SolidityExample/verifySignature.sol =======================================
======================================= Erroders/dapp-tools || utils/imports/@openzeppelin/contracts/utils/cryptography/ECDSA.sol =======================================
======================================= ETIM-PAUL/gasless_dapp || Contract/lib/forge-std/test/StdCheats.t.sol =======================================
======================================= FastLane-Labs/atlas || lib/forge-std/test/StdCheats.t.sol =======================================
======================================= ffrancis-reis/real-estate || eth-contracts/contracts/Oraclize.sol =======================================
======================================= fidentiss/dapp_loteria_ethereum || TRUFFLE/contracts/contracts/utils/cryptography/ECDSA.sol =======================================
======================================= firechiang/solidity-dapp || swap_uni/core2/UniswapV2ERC20.sol =======================================
======================================= flaredomains/fns-monorepo || apps/forge/lib/forge-std/test/StdCheats.t.sol =======================================
======================================= fstnetwork/dapps-demo || src/contracts/02-ECRecover.sol =======================================
======================================= gGh00sTt/Blockchain-Ecommerce-Dapp || @openzeppelin/contracts/cryptography/ECDSA.sol =======================================
======================================= gorojou/bridge-ui-eth-bsc-poc || contracts/PermittableToken.sol =======================================
======================================= grantkee/whitelist-dapp3 || forge/lib/forge-std/test/StdCheats.t.sol =======================================
======================================= HANYONUJUN/Dapp || contracts/node_modules/@openzeppelin/contracts/utils/cryptography/ECDSA.sol =======================================
======================================= HardlyCodeMan/dapp-project || contracts/provableAPI.sol =======================================
======================================= Haysoose/Coinflip-Dapp || provableAPI.sol =======================================
======================================= hoangcutehotme/Dapp-NFT || DApp-starter/contracts/@openzeppelin/contracts/utils/cryptography/ECDSA.sol =======================================
======================================= holyaustin/Pension-Fi || smart_contract/lib/forge-std/src/test/StdCheats.t.sol =======================================
======================================= holyaustin/PensionFinance || smart_contract/lib/forge-std/src/test/StdCheats.t.sol =======================================
======================================= honganh1903/dapp-marketplace || contracts/@openzeppelin/contracts/utils/cryptography/ECDSA.sol =======================================
======================================= iiiyu/DApp-Demo || chain_end/lib/forge-std/src/test/StdCheats.t.sol =======================================
======================================= infamousdegen/VotingDapp || contracts/lib/forge-std/test/StdCheats.t.sol =======================================
======================================= Infinite-Charisma/True-Yield || lib/forge-std/src/test/StdCheats.t.sol =======================================
======================================= InPlusLab/DAppSCAN || DAppSCAN-source/contracts/BlockSec-blocksec_alpaca_v1.0_signed/bsc-alpaca-contract-cb13e32fe5a4ba6f63b0235bd4624715592e4abe/contracts/5/protocol/apis/mdex/MdexFactory.sol =======================================
======================================= ITExpert0228/Meme_project || smart_contracts/contracts/base/Airdrop.sol =======================================
======================================= ivanminutillo/dapp || contracts/COMP.sol =======================================
======================================= jackeyli/insurance || contracts/oraclize/usingOraclize.sol =======================================
======================================= Jackitbox/Marketplace-Dapp || marketplace.sol =======================================
======================================= jaesimin0903/DappNFT || contracts/node_modules/@openzeppelin/contracts/utils/cryptography/ECDSA.sol =======================================
======================================= Jaimeloeuf/Gasless-Magic || contracts/.archive/proxy contracts/proxy_call.sol =======================================
======================================= jarededrake/casino-dapp || contracts/usingProvable.sol =======================================
======================================= jcstein/gm-portal || contracts/lib/forge-std/test/StdCheats.t.sol =======================================
======================================= joewww/deadmanSwitch || installed_contracts/zeppelin/contracts/ECRecovery.sol =======================================
======================================= johnmyronmillar/LivingHealthyDapp || libraries/oraclizeAPI_0.5.sol =======================================
======================================= jorgect207/NFT-DAPP || NFT-MINT-LW3/lib/forge-std/test/StdCheats.t.sol =======================================
======================================= JournalStack/full-dapp || contracts/lib/forge-std/test/StdCheats.t.sol =======================================
======================================= jungspin/DApp_project || contracts/node_modules/@openzeppelin/contracts/utils/cryptography/ECDSA.sol =======================================
======================================= jyotirmoydotdev/JBToken-Dapp || JBToken-Contract/lib/forge-std/test/StdCheats.t.sol =======================================
======================================= KaiStryker/coinflip-dapp || contracts/provableAPI.sol =======================================
======================================= Keyrxng/GhostsOfEpochsPast || src/additional/EIP712.sol =======================================
======================================= kingdayx/Dapp-contracts || contracts/ZeroLoss.sol =======================================
======================================= kl456123/dappDev-go || contracts/WyvernExchange.sol =======================================
======================================= klaytn/examples || foundry/lib/forge-std/test/StdCheats.t.sol =======================================
======================================= lanrebayode/LotteryDapp || loto_app/node_modules/@chainlink/contracts/src/v0.5/dev/Coordinator.sol =======================================
======================================= lumtis/ethboards || contracts/EthBoards.sol =======================================
======================================= marronjo/social-dapp || lib/forge-std/test/StdCheats.t.sol =======================================
======================================= mcgraneder/CoinflipDapp || BackEnd/contracts/ProovableABI.sol =======================================
======================================= mcv9201/Twitter-Dapp || contracts/v0.6/VRF.sol =======================================
======================================= mikekrow/Solidity-Projects || Random Number/Provable.sol =======================================
======================================= MingxiYe/solc-DApp || example-inputDir/Crowdsale.sol =======================================
======================================= monetas-tech/gsn-dapp || contracts/Monetas.sol =======================================
======================================= Mosesp4/Todo_Dapps || smart_contract/node_modules/@openzeppelin/contracts/utils/cryptography/ECDSA.sol =======================================
======================================= MrsP3lt/DappHacks || lib/forge-std/test/StdCheats.t.sol =======================================
======================================= MusicPulse-SuperHack/musicpulse-dapp || contracts/lib/forge-std/test/StdCheats.t.sol =======================================
======================================= NamaWho/coinflip-dapp || contracts/api/provableAPI_0.5.sol =======================================
======================================= NexusSolutions/guitar-swap || contracts/CakeToken.sol =======================================
