https://github.com/Alpha-Serpentis-Developments/Project-Mimic,contracts/gamma/packages/oz/upgradeability/cryptography/ECDSAUpgradeable.sol:16 || contracts/gamma/packages/oz/upgradeability/cryptography/ECDSAUpgradeable.sol:37 || contracts/gamma/packages/oz/upgradeability/cryptography/ECDSAUpgradeable.sol:59 || contracts/gamma/packages/oz/upgradeability/cryptography/ECDSAUpgradeable.sol:75
https://github.com/phatcats/cryptocards_contracts,contracts/usingOraclize.sol:1266
https://github.com/atlantis-ATIS/atlantis,contracts/chequebook/contract/chequebook.sol:31
https://github.com/raychan3690/Dapp-OptionTradeSim,dAppStockSim2.2(Rinkeby)/ContractsV2.2/oraclizeAPI_0.5.sol:1138 || dAppStockSim2.2(Ropsten)/ContractsV2.2/oraclizeAPI_0.5.sol:1138
https://github.com/nehading/Renewa-Dapp,rec-dApp/node_modules/@openzeppelin/contracts/cryptography/ECDSA.sol:16 || rec-dApp/node_modules/@openzeppelin/contracts/cryptography/ECDSA.sol:37 || rec-dApp/node_modules/@openzeppelin/contracts/cryptography/ECDSA.sol:46 || rec-dApp/node_modules/@openzeppelin/contracts/cryptography/ECDSA.sol:59
https://github.com/mbhatla/RealEstateNFTtokenDAPP,eth-contracts/contracts/Oraclize.sol:1258
https://github.com/yandomingos/decentralized-exchange-a-project,dex-project/node_modules/openzeppelin-solidity/contracts/cryptography/ECDSA.sol:6 || dex-project/node_modules/openzeppelin-solidity/contracts/cryptography/ECDSA.sol:27 || dex-project/node_modules/openzeppelin-solidity/contracts/cryptography/ECDSA.sol:45
