https://github.com/AbhinavXT/Gasless-MetaTx,contracts/EIP712MetaTransaction.sol:70
https://github.com/agermanidis/100daysofdapps,contracts/043_TicTacToe/TicTacToe.sol:4
https://github.com/AugurProject/augur.js,packages/augur-core/src/contracts/0x/coordinator/contracts/src/MixinSignatureValidator.sol:76 || packages/augur-core/src/contracts/0x/coordinator/contracts/src/MixinSignatureValidator.sol:92 || packages/augur-core/src/contracts/0x/exchange/contracts/src/MixinSignatureValidator.sol:299 || packages/augur-core/src/contracts/0x/exchange/contracts/src/MixinSignatureValidator.sol:315 || packages/augur-core/src/contracts/0x/exchange/contracts/src/MixinSignatureValidator.sol:376 || packages/augur-core/src/contracts/AugurWallet.sol:126 || packages/augur-core/src/contracts/gsn/v1/ECDSA.sol:15 || packages/augur-core/src/contracts/gsn/v1/ECDSA.sol:40 || packages/augur-core/src/contracts/gsn/v1/ECDSA.sol:49 || packages/augur-core/src/contracts/gsn/v1/ECDSA.sol:67 || packages/augur-core/src/contracts/gsn/v1/GsnUtils.sol:46 || packages/augur-core/src/contracts/gsn/v2/Penalizer.sol:54 || packages/augur-core/src/contracts/gsn/v2/Penalizer.sol:92 || packages/augur-core/src/contracts/reporting/AffiliateValidator.sol:63 || packages/augur-core/src/contracts/uniswap/UniswapV2ERC20.sol:90
https://github.com/brunoivancic/nft-auction-dapp,contracts/openzeppelin-solidity/contracts/cryptography/ECDSA.sol:6 || contracts/openzeppelin-solidity/contracts/cryptography/ECDSA.sol:27 || contracts/openzeppelin-solidity/contracts/cryptography/ECDSA.sol:45
https://github.com/coinpassport/coinpassport,contracts/Verification.sol:89 || contracts/Verification.sol:150 || contracts/Verification.sol:163 || contracts/Verification.sol:176
https://github.com/dapperlabs/dapper-contracts,contracts/ECDSA.sol:13 || contracts/Wallet/CoreWallet.sol:384 || contracts/Wallet/CoreWallet.sol:389 || contracts/Wallet/CoreWallet.sol:390 || contracts/Wallet/CoreWallet.sol:480 || contracts/Wallet/CoreWallet.sol:513 || contracts/Wallet/CoreWallet.sol:530 || contracts/Wallet/CoreWallet.sol:558 || contracts/Wallet/CoreWallet.sol:573 || contracts/Wallet/CoreWallet.sol:574
https://github.com/destrys/ethereum-multisig,contracts/MultiSig2of3.sol:151 || contracts/MultiSig2of3.sol:155
https://github.com/eccentricexit/simple-wallet,installed_contracts/zeppelin/contracts/ECRecovery.sol:43
https://github.com/embarklabs/embark,dapps/tests/teller-contracts/contracts/common/MessageSigned.sol:28
https://github.com/FundRequest/contracts,contracts/platform/FundRequestContract.sol:153
https://github.com/jklepatch/eattheblocks,defi-development-mastery/bonus-1-fork-uniswap/3-fork-smart-contracts/core/contracts/UniswapV2ERC20.sol:90 || defi-development-mastery/bonus-1-fork-uniswap/3-fork-smart-contracts/periphery/contracts/test/DeflatingERC20.sol:93 || defi-development-mastery/bonus-1-fork-uniswap/3-fork-smart-contracts/periphery/contracts/test/ERC20.sol:90 || defi-development-mastery/bonus-1-fork-uniswap/4-deploy-smart-contracts/core/contracts/UniswapV2ERC20.sol:90 || defi-development-mastery/bonus-1-fork-uniswap/4-deploy-smart-contracts/periphery/contracts/test/DeflatingERC20.sol:93 || defi-development-mastery/bonus-1-fork-uniswap/4-deploy-smart-contracts/periphery/contracts/test/ERC20.sol:90 || defi-development-mastery/bonus-1-fork-uniswap/5-liquidity-attack/core/contracts/UniswapV2ERC20.sol:90 || defi-development-mastery/bonus-1-fork-uniswap/5-liquidity-attack/periphery/contracts/test/DeflatingERC20.sol:93 || defi-development-mastery/bonus-1-fork-uniswap/5-liquidity-attack/periphery/contracts/test/ERC20.sol:90 || screencast/229-fork-uniswap/core/contracts/UniswapV2ERC20.sol:90 || screencast/229-fork-uniswap/periphery/contracts/test/DeflatingERC20.sol:93 || screencast/229-fork-uniswap/periphery/contracts/test/ERC20.sol:90 || screencast/235-fork-sushiswap/contracts/GovernorAlpha.sol:274 || screencast/235-fork-sushiswap/contracts/SushiToken.sol:117 || screencast/235-fork-sushiswap/contracts/uniswapv2/UniswapV2ERC20.sol:89 || screencast/317-eth-bsc-decentralized-bridge/contracts/BridgeBase.sol:88 || screencast/391-rewards-token/contracts/yields-utils-v2/token/ERC20Permit.sol:84 || token/contracts/Airdrop.sol:68
https://github.com/Kei-Seo/EthereumDApp,InJik-JobHuntingPosition-SmartContract/node_modules/@openzeppelin/contracts/utils/cryptography/ECDSA.sol:41 || InJik-JobHuntingPosition-SmartContract/node_modules/@openzeppelin/contracts/utils/cryptography/ECDSA.sol:65 || InJik-JobHuntingPosition-SmartContract/node_modules/@openzeppelin/contracts/utils/cryptography/ECDSA.sol:76 || InJik-JobHuntingPosition-SmartContract/node_modules/@openzeppelin/contracts/utils/cryptography/ECDSA.sol:92 || InJik-JobHuntingPosition-SmartContract/node_modules/@openzeppelin/contracts/utils/cryptography/ECDSA.sol:152 || InJik-JobHuntingPosition-SmartContract/node_modules/@openzeppelin/contracts/utils/cryptography/ECDSA.sol:169
https://github.com/kennethhoytwoodruff/BikeDeed,installed_contracts/zeppelin/contracts/ECRecovery.sol:43
https://github.com/marlowl/provable-oracle-starter,contracts/oraclize/usingOraclize.sol:1153
https://github.com/MaximKrokhin/EthereumDApp,contracts/ECRecovery.sol:9 || contracts/ECRecovery.sol:32 || contracts/ECRecovery.sol:50
https://github.com/mds1/lottery-dapp-template,src/ethereum/truffle/contracts/Lottery.sol:1150
https://github.com/miguelmota/ethnotary,contracts/Notary.sol:67
https://github.com/NodeFactoryIo/eatmybet,contracts/OraclizeAPI.sol:1128
https://github.com/nounish/federation,contracts/src/external/builder/governance/governor/Governor.sol:259 || contracts/src/external/builder/lib/token/ERC721Votes.sol:167 || contracts/src/external/nouns/erc721/ERC721Checkpointable.sol:139 || contracts/src/external/nouns/governance/NounsDAOLogicV1.sol:457 || contracts/src/external/nouns/governance/NounsDAOLogicV2.sol:563
https://github.com/OpenST/mosaic-contracts,contracts/core/MosaicCore.sol:623 || contracts/core/PollingPlace.sol:550 || contracts/test/lib/MockMessageBus.sol:684
https://github.com/prady00/kyc-ethereum-dapp,contracts/Verification.sol:30 || contracts/Verification.sol:45
https://github.com/pubkey/eth-crypto,contracts/DonationBag.sol:67 || contracts/TestContract.sol:66 || contracts/TestContract.sol:83
https://github.com/scocoyash/Splitwise-Dapp,contracts/SplitETH.sol:130
https://github.com/sportcrypt/sportcrypt-contract,SportCrypt.sol:105 || SportCrypt.sol:214
https://github.com/status-im/ens-usernames,contracts/common/MessageSigned.sol:29
https://github.com/t-phoenix/equistart,contracts/.deps/npm/@openzeppelin/contracts-upgradeable/utils/cryptography/ECDSAUpgradeable.sol:39 || contracts/.deps/npm/@openzeppelin/contracts-upgradeable/utils/cryptography/ECDSAUpgradeable.sol:60 || contracts/.deps/npm/@openzeppelin/contracts-upgradeable/utils/cryptography/ECDSAUpgradeable.sol:78 || contracts/.deps/npm/@openzeppelin/contracts-upgradeable/utils/cryptography/ECDSAUpgradeable.sol:138 || contracts/.deps/npm/@openzeppelin/contracts-upgradeable/utils/cryptography/ECDSAUpgradeable.sol:152 || contracts/.deps/npm/@openzeppelin/contracts/utils/cryptography/ECDSA.sol:39 || contracts/.deps/npm/@openzeppelin/contracts/utils/cryptography/ECDSA.sol:60 || contracts/.deps/npm/@openzeppelin/contracts/utils/cryptography/ECDSA.sol:78 || contracts/.deps/npm/@openzeppelin/contracts/utils/cryptography/ECDSA.sol:138 || contracts/.deps/npm/@openzeppelin/contracts/utils/cryptography/ECDSA.sol:152 || contracts/contracts/.deps/npm/@openzeppelin/contracts/utils/cryptography/ECDSA.sol:41 || contracts/contracts/.deps/npm/@openzeppelin/contracts/utils/cryptography/ECDSA.sol:62 || contracts/contracts/.deps/npm/@openzeppelin/contracts/utils/cryptography/ECDSA.sol:80 || contracts/contracts/.deps/npm/@openzeppelin/contracts/utils/cryptography/ECDSA.sol:140 || contracts/contracts/.deps/npm/@openzeppelin/contracts/utils/cryptography/ECDSA.sol:157
https://github.com/tripplyons/prooftrade,contracts/OrderFiller.sol:41
https://github.com/wooolfgang/ethlantis-dapp-frontend,installed_contracts/oraclize-api/contracts/usingOraclize.sol:975
