https://github.com/0xcadams/proof-of-residency,packages/contracts/contracts/ProofOfResidency.sol:286
https://github.com/aleksandrakojic/YU-GO,Truffle/contracts/VerifySignature.sol:132
https://github.com/alex-alra-arteaga/TimeFi-EthBcn,blockend/contracts/mocks/DEX/UniswapV2ERC20.sol:90
https://github.com/AliRa22aq/PreSaleDAPP,presaleContract/node_modules/@openzeppelin/contracts/utils/cryptography/ECDSA.sol:38 || presaleContract/node_modules/@openzeppelin/contracts/utils/cryptography/ECDSA.sol:62 || presaleContract/node_modules/@openzeppelin/contracts/utils/cryptography/ECDSA.sol:73 || presaleContract/node_modules/@openzeppelin/contracts/utils/cryptography/ECDSA.sol:89 || presaleContract/node_modules/@openzeppelin/contracts/utils/cryptography/ECDSA.sol:153 || presaleContract/node_modules/@openzeppelin/contracts/utils/cryptography/ECDSA.sol:170
https://github.com/anteqkois/tipdapp,packages/contracts/contracts/Tipdapp/facets/UserFacet.sol:82
https://github.com/BahadorGh/Blckchain-course-1401,sample-dex/build/PancakeFactory.sol:192 || sample-dex/build/PancakePair.sol:176 || sample-dex/pancake-swap-core/contracts/PancakeERC20.sol:90 || sample-dex/pancake-swap-periphery/contracts/test/DeflatingERC20.sol:93 || sample-dex/pancake-swap-periphery/contracts/test/ERC20.sol:90
https://github.com/buidler-labs/hashgraph-venin-js,test/solidity-by-example/contracts/signature.sol:100 || test/taskbar/contracts/libraries/ECDSA.sol:26
https://github.com/BuiDucMinhx/Dapp2,Token ATM Machine/node_modules/@openzeppelin/contracts/utils/cryptography/ECDSA.sol:41 || Token ATM Machine/node_modules/@openzeppelin/contracts/utils/cryptography/ECDSA.sol:62 || Token ATM Machine/node_modules/@openzeppelin/contracts/utils/cryptography/ECDSA.sol:80 || Token ATM Machine/node_modules/@openzeppelin/contracts/utils/cryptography/ECDSA.sol:140 || Token ATM Machine/node_modules/@openzeppelin/contracts/utils/cryptography/ECDSA.sol:157
https://github.com/BuiDucMinhx/Dapp3,ICO/node_modules/@openzeppelin/contracts/utils/cryptography/ECDSA.sol:41 || ICO/node_modules/@openzeppelin/contracts/utils/cryptography/ECDSA.sol:62 || ICO/node_modules/@openzeppelin/contracts/utils/cryptography/ECDSA.sol:80 || ICO/node_modules/@openzeppelin/contracts/utils/cryptography/ECDSA.sol:140 || ICO/node_modules/@openzeppelin/contracts/utils/cryptography/ECDSA.sol:157
https://github.com/chnejohnson/simple-meta-transaction,token_contracts/contracts/SignatureValidator.sol:67
https://github.com/CRYPTO-GENIK/NFT-DAPP-TEMPLATE,contracts/src/ERC20/WithPermit.sol:38 || contracts/src/ERC20/WithPermitAndFixedDomain.sol:54
https://github.com/dappnetbby/dappnet-protocol,proof-of-concept/protocol/src/token/ERC20.sol:132
https://github.com/diasjuniorr/tip-tweet,contracts/TipTweet.sol:63
https://github.com/donoso-eth/angular-web3,src/ng-add/files/demos/demo-lens-protocol/hardhat/contracts/core/base/LensNFTBase.sol:123 || src/ng-add/files/demos/demo-lens-protocol/hardhat/contracts/core/base/LensNFTBase.sol:131 || src/ng-add/files/demos/demo-lens-protocol/hardhat/contracts/misc/LensPeripheryDataProvider.sol:92 || src/ng-add/files/demos/demo-lens-protocol/hardhat/contracts/misc/LensPeripheryDataProvider.sol:100
https://github.com/evgenu/LibraryDapp,contract/contracts/LibToken.sol:48
https://github.com/fahimahamed999/100xswap,contracts/v2factory.sol:200
https://github.com/francescoperagine/pmDapp,truffle/contracts/ManagementConsole.sol:216
https://github.com/fullstack528/Blockchain-Dapps,Binance/pancake-swap-v1-bsc/pancake-swap-core-v1/contracts/PancakeERC20.sol:90 || Binance/pancake-swap-v1-bsc/pancake-swap-router-v1/contracts/test/DeflatingERC20.sol:93 || Binance/pancake-swap-v1-bsc/pancake-swap-router-v1/contracts/test/ERC20.sol:90
https://github.com/johnosullivan/dMarket,contracts/ECRecovery.sol:43
https://github.com/kamescg/places,packages/places-sol/contracts/utils/ECDSA.sol:48 || packages/places-sol/contracts/utils/ECDSA.sol:113
https://github.com/liximomo/dapp-demo,packages/contracts/src/ECDSA.sol:14 || packages/contracts/src/ECDSA.sol:39 || packages/contracts/src/ECDSA.sol:48 || packages/contracts/src/ECDSA.sol:66
https://github.com/pubkey/solidity-cli,test/contracts/DonationBag.sol:67
https://github.com/RigoBlock/rigoblock-monorepo,packages/contracts/src/protocol/extensions/SigVerifier/SigVerifier.sol:141 || packages/contracts/src/protocol/extensions/SigVerifier/SigVerifier.sol:165 || packages/contracts/src/utils/exchanges/0xV2/Exchange/Exchange.sol:2648 || packages/contracts/src/utils/exchanges/0xV2/Exchange/Exchange.sol:2666 || packages/contracts/src/utils/exchanges/ethfinex/ExchangeEfx/ExchangeEfx.sol:644 || packages/contracts/src/utils/exchanges/exchangeV1Fork/ExchangeV1Fork/ExchangeV1Fork.sol:696 || packages/deployer/test/fixtures/contracts/Exchange.sol:465
https://github.com/SpaceRhinoStudio/fundraising-dapp,contracts/fundraising/EngaToken.sol:91
https://github.com/TeleportDAO/teleswap-contracts,contracts/uniswap/v2-core/UniswapV2ERC20.sol:91
https://github.com/tfmReciclaje/DappPrincipal,truffle/contracts/lib/provableAPI_0.5.sol:1251
https://github.com/fantasyknight/ubiquity,contracts/dollar/contracts/ERC20Ubiquity.sol:142
https://github.com/levalleux-ludo/DeFi-Venture,buidler/contracts/SignatureChecker.sol:53 || buidler/contracts/SignatureChecker.sol:62 || buidler/contracts/SignatureChecker.sol:156
