======================================= 0xcadams/proof-of-residency || packages/contracts/contracts/ProofOfResidency.sol =======================================
======================================= aleksandrakojic/YU-GO || Truffle/contracts/VerifySignature.sol =======================================
======================================= alex-alra-arteaga/TimeFi-EthBcn || blockend/contracts/mocks/DEX/UniswapV2ERC20.sol =======================================
======================================= AliRa22aq/PreSaleDAPP || presaleContract/node_modules/@openzeppelin/contracts/utils/cryptography/ECDSA.sol =======================================
======================================= anteqkois/tipdapp || packages/contracts/contracts/Tipdapp/facets/UserFacet.sol =======================================
======================================= BahadorGh/Blckchain-course-1401 || sample-dex/build/PancakeFactory.sol =======================================
======================================= buidler-labs/hashgraph-venin-js || test/solidity-by-example/contracts/signature.sol =======================================
======================================= BuiDucMinhx/Dapp2 || Token ATM Machine/node_modules/@openzeppelin/contracts/utils/cryptography/ECDSA.sol =======================================
======================================= BuiDucMinhx/Dapp3 || ICO/node_modules/@openzeppelin/contracts/utils/cryptography/ECDSA.sol =======================================
======================================= chnejohnson/simple-meta-transaction || token_contracts/contracts/SignatureValidator.sol =======================================
======================================= CRYPTO-GENIK/NFT-DAPP-TEMPLATE || contracts/src/ERC20/WithPermit.sol =======================================
======================================= dappnetbby/dappnet-protocol || proof-of-concept/protocol/src/token/ERC20.sol =======================================
======================================= diasjuniorr/tip-tweet || contracts/TipTweet.sol =======================================
======================================= donoso-eth/angular-web3 || src/ng-add/files/demos/demo-lens-protocol/hardhat/contracts/core/base/LensNFTBase.sol =======================================
======================================= evgenu/LibraryDapp || contract/contracts/LibToken.sol =======================================
======================================= fahimahamed999/100xswap || contracts/v2factory.sol =======================================
======================================= francescoperagine/pmDapp || truffle/contracts/ManagementConsole.sol =======================================
======================================= fullstack528/Blockchain-Dapps || Binance/pancake-swap-v1-bsc/pancake-swap-core-v1/contracts/PancakeERC20.sol =======================================
======================================= johnosullivan/dMarket || contracts/ECRecovery.sol =======================================
======================================= kamescg/places || packages/places-sol/contracts/utils/ECDSA.sol =======================================
======================================= liximomo/dapp-demo || packages/contracts/src/ECDSA.sol =======================================
======================================= pubkey/solidity-cli || test/contracts/DonationBag.sol =======================================
======================================= RigoBlock/rigoblock-monorepo || packages/contracts/src/protocol/extensions/SigVerifier/SigVerifier.sol =======================================
======================================= SpaceRhinoStudio/fundraising-dapp || contracts/fundraising/EngaToken.sol =======================================
======================================= TeleportDAO/teleswap-contracts || contracts/uniswap/v2-core/UniswapV2ERC20.sol =======================================
======================================= tfmReciclaje/DappPrincipal || truffle/contracts/lib/provableAPI_0.5.sol =======================================
======================================= fantasyknight/ubiquity || contracts/dollar/contracts/ERC20Ubiquity.sol =======================================
======================================= levalleux-ludo/DeFi-Venture || buidler/contracts/SignatureChecker.sol =======================================
