https://github.com/aave/protocol-v2,contracts/protocol/tokenization/AToken.sol:357
https://github.com/alpaca-finance/bsc-alpaca-contract,solidity/contracts/5/apis/pancake/PancakeERC20.sol:110 || solidity/contracts/5/protocol/apis/biswap/BiswapFactory.sol:203 || solidity/contracts/5/protocol/apis/biswap/BiswapPair.sol:180 || solidity/contracts/5/protocol/apis/mdex/MdexFactory.sol:722 || solidity/contracts/5/protocol/apis/wault/WaultSwapFactory.sol:287 || solidity/contracts/6.12/protocol/apis/biswap/BSWToken.sol:1133 || solidity/contracts/6.12/protocol/apis/biswap/BiswapMasterChef.sol:1216 || solidity/contracts/6/protocol/apis/mdex/MdxToken.sol:866 || solidity/contracts/6/protocol/apis/pancake/PancakeMasterChef.sol:1063 || solidity/contracts/6/protocol/apis/pancake/PancakeMasterChef.sol:1327 || solidity/contracts/6/protocol/apis/spooky/SpookyToken.sol:119 || solidity/contracts/6/protocol/apis/sushi/MasterChef.sol:1275 || solidity/contracts/6/token/AlpacaToken.sol:245
https://github.com/biswap-org/core,contracts/BiswapERC20.sol:90
https://github.com/dydxprotocol/solo,contracts/external/lib/TypedSignature.sol:113
https://github.com/consenlabs/tokenlon-mmsk,contracts/MarketMakerProxy.sol:27 || contracts/MarketMakerProxy.sol:43
https://github.com/balancer/balancer-v2-monorepo,pkg/solidity-utils/contracts/helpers/EOASignaturesValidator.sol:80 || pkg/solidity-utils/contracts/helpers/EOASignaturesValidator.sol:88 || pkg/solidity-utils/contracts/helpers/EOASignaturesValidator.sol:90
https://github.com/ApeSwapFinance/apeswap-swap-core,contracts/ApeERC20.sol:100
https://github.com/wormhole-foundation/wormhole,ethereum/contracts/Messages.sol:116 || ethereum/contracts/Messages.sol:117 || ethereum/contracts/Messages.sol:119 || ethereum/forge-test/Messages.t.sol:77 || ethereum/forge-test/Messages.t.sol:94 || ethereum/forge-test/Messages.t.sol:102 || ethereum/forge-test/Messages.t.sol:108 || ethereum/forge-test/Messages.t.sol:120 || ethereum/forge-test/MessagesRV.t.sol:62 || ethereum/forge-test/MessagesRV.t.sol:95 || ethereum/forge-test/MessagesRV.t.sol:156
https://github.com/across-protocol/contracts-v2,contracts/SpokePool.sol:1082 || contracts/SpokePool.sol:1083
https://github.com/babyswap/baby-swap-contract,contracts/farm/SyrupBar.sol:143 || contracts/luckybaby/ScratchOffTickets.sol:70 || contracts/nft/NFTMarket.sol:672 || contracts/nft/NFTMarket.sol:691 || contracts/token/BabyERC20.sol:92 || contracts/token/BabyToken.sol:123
https://github.com/liquity/dev,packages/contracts/contracts/LQTY/LQTYToken.sol:257 || packages/contracts/contracts/LUSDToken.sol:189 || packages/contracts/contracts/TestContracts/LUSDTokenTester.sol:64
https://github.com/wormhole-foundation/wormhole,ethereum/contracts/Messages.sol:116 || ethereum/contracts/Messages.sol:117 || ethereum/contracts/Messages.sol:119 || ethereum/forge-test/Messages.t.sol:77 || ethereum/forge-test/Messages.t.sol:94 || ethereum/forge-test/Messages.t.sol:102 || ethereum/forge-test/Messages.t.sol:108 || ethereum/forge-test/Messages.t.sol:120 || ethereum/forge-test/MessagesRV.t.sol:62 || ethereum/forge-test/MessagesRV.t.sol:95 || ethereum/forge-test/MessagesRV.t.sol:156
https://github.com/thundercore/thunder_bridge,contracts/contracts/libraries/Message.sol:65 || contracts/contracts/libraries/Message.sol:88
"https://github.com/across-protocol/contracts-v2,contracts/SpokePool.sol:1082 || contracts/SpokePool.sol:1083
https://github.com/poanetwork/ico/tree/cd5301aa90f38f60b0d038d895e5b9435d622272 ",contracts/Crowdsale.sol:273 || contracts/CrowdsaleExt.sol:342
"https://github.com/PartyDAO/partybid,contracts/external/fractional/OpenZeppelin/cryptography/ECDSA.sol:16 || contracts/external/fractional/OpenZeppelin/cryptography/ECDSA.sol:37 || contracts/external/fractional/OpenZeppelin/cryptography/ECDSA.sol:54 || contracts/external/fractional/OpenZeppelin/cryptography/ECDSA.sol:67 || contracts/external/koans/SashoToken.sol:174 || contracts/external/koans/base/ERC721Checkpointable.sol:139 || contracts/external/nouns/base/ERC721Checkpointable.sol:139 || contracts/external/zora/Media.sol:249 || contracts/external/zora/Media.sol:436
https://github.com/infinitycasino/infinitycasino,contracts/usingOraclize.sol:975
https://github.com/yandomingos/decentralized-exchange-a-project,dex-project/node_modules/openzeppelin-solidity/contracts/cryptography/ECDSA.sol:6 || dex-project/node_modules/openzeppelin-solidity/contracts/cryptography/ECDSA.sol:27 || dex-project/node_modules/openzeppelin-solidity/contracts/cryptography/ECDSA.sol:45
https://github.com/vevaone/ratings,servers/TxRelay.sol:45
https://github.com/kokiri11/Betting-Dapp,BettingContract/node_modules/@chainlink/contracts/src/v0.5/dev/Coordinator.sol:214 || BettingContract/node_modules/@chainlink/contracts/src/v0.5/dev/SchnorrSECP256K1.sol:82 || BettingContract/node_modules/@chainlink/contracts/src/v0.5/dev/SchnorrSECP256K1.sol:85 || BettingContract/node_modules/@chainlink/contracts/src/v0.5/dev/SchnorrSECP256K1.sol:85 || BettingContract/node_modules/@chainlink/contracts/src/v0.5/dev/SchnorrSECP256K1.sol:86 || BettingContract/node_modules/@chainlink/contracts/src/v0.5/dev/SchnorrSECP256K1.sol:111 || BettingContract/node_modules/@chainlink/contracts/src/v0.5/dev/SchnorrSECP256K1.sol:112 || BettingContract/node_modules/@chainlink/contracts/src/v0.5/dev/SchnorrSECP256K1.sol:130 || BettingContract/node_modules/@chainlink/contracts/src/v0.5/dev/SchnorrSECP256K1.sol:132 || BettingContract/node_modules/@chainlink/contracts/src/v0.5/dev/SchnorrSECP256K1.sol:136 || BettingContract/node_modules/@chainlink/contracts/src/v0.6/VRF.sol:58 || BettingContract/node_modules/@chainlink/contracts/src/v0.6/VRF.sol:83 || BettingContract/node_modules/@chainlink/contracts/src/v0.6/VRF.sol:259 || BettingContract/node_modules/@chainlink/contracts/src/v0.6/VRF.sol:262 || BettingContract/node_modules/@chainlink/contracts/src/v0.6/VRF.sol:263 || BettingContract/node_modules/@chainlink/contracts/src/v0.6/VRF.sol:267 || BettingContract/node_modules/@chainlink/contracts/src/v0.6/VRF.sol:304 || BettingContract/node_modules/@chainlink/contracts/src/v0.6/VRF.sol:384 || BettingContract/node_modules/@chainlink/contracts/src/v0.6/VRF.sol:389 || BettingContract/node_modules/@chainlink/contracts/src/v0.6/VRF.sol:391 || BettingContract/node_modules/@chainlink/contracts/src/v0.6/VRF.sol:395 || BettingContract/node_modules/@chainlink/contracts/src/v0.6/VRF.sol:447 || BettingContract/node_modules/@openzeppelin/contracts/utils/cryptography/ECDSA.sol:16 || BettingContract/node_modules/@openzeppelin/contracts/utils/cryptography/ECDSA.sol:38 || BettingContract/node_modules/@openzeppelin/contracts/utils/cryptography/ECDSA.sol:49 || BettingContract/node_modules/@openzeppelin/contracts/utils/cryptography/ECDSA.sol:91 || BettingContract/node_modules/@openzeppelin/contracts/utils/cryptography/ECDSA.sol:107
