Uniswap/conedison,https://github.com/Uniswap/conedison,,src/provider/signing.test.ts:4 || src/provider/signing.test.ts:7 || src/provider/signing.test.ts:60 || src/provider/signing.test.ts:62 || src/provider/signing.test.ts:80 || src/provider/signing.test.ts:88 || src/provider/signing.test.ts:90 || src/provider/signing.test.ts:94 || src/provider/signing.test.ts:96 || src/provider/signing.test.ts:101 || src/provider/signing.test.ts:102 || src/provider/signing.test.ts:104 || src/provider/signing.test.ts:111 || src/provider/signing.test.ts:113 || src/provider/signing.test.ts:117 || src/provider/signing.test.ts:119 || src/provider/signing.test.ts:124 || src/provider/signing.test.ts:125 || src/provider/signing.test.ts:129 || src/provider/signing.test.ts:144 || src/provider/signing.ts:7 || src/provider/signing.ts:7 || src/provider/signing.ts:28 || src/provider/signing.ts:28 || src/provider/signing.ts:32 || src/provider/signing.ts:36 || src/provider/signing.ts:45 || src/provider/signing.ts:45 || src/provider/signing.ts:52 || src/provider/signing.ts:59,src/provider/signing.test.ts:47 || src/provider/signing.test.ts:55 || src/provider/signing.test.ts:62 || src/provider/signing.test.ts:67 || src/provider/signing.test.ts:138 || src/provider/signing.test.ts:140 || src/provider/signing.test.ts:146 || src/provider/signing.ts:27 || src/provider/signing.ts:52 || src/provider/signing.ts:59 || src/provider/signing.ts:61,,,,,,src/provider/signing.test.ts:47 || src/provider/signing.test.ts:55 || src/provider/signing.test.ts:62 || src/provider/signing.test.ts:67 || src/provider/signing.test.ts:138 || src/provider/signing.test.ts:140 || src/provider/signing.test.ts:146 || src/provider/signing.ts:27 || src/provider/signing.ts:52 || src/provider/signing.ts:59 || src/provider/signing.ts:61,,
aave/protocol-v2,https://github.com/aave/protocol-v2,,helpers/contracts-helpers.ts:2 || helpers/contracts-helpers.ts:276,,,,,helpers/contracts-helpers.ts:2 || helpers/contracts-helpers.ts:276,,,,contracts/protocol/tokenization/AToken.sol:357
curvefi/curve-js,https://github.com/curvefi/curve-js,,,,,,,,,,,
pancakeswap/pancake-frontend,https://github.com/pancakeswap/pancake-frontend,,,,,,,,packages/awgmi/core/src/accounts/signMessage.ts:12 || packages/awgmi/core/src/accounts/signMessage.ts:17 || packages/awgmi/core/src/connectors/base.ts:64 || packages/awgmi/core/src/connectors/blocto.ts:113 || packages/awgmi/core/src/connectors/blocto.ts:116 || packages/awgmi/core/src/connectors/fewcha.ts:120 || packages/awgmi/core/src/connectors/fewcha.ts:123 || packages/awgmi/core/src/connectors/martian.ts:133 || packages/awgmi/core/src/connectors/martian.ts:136 || packages/awgmi/core/src/connectors/mock/provider.ts:69 || packages/awgmi/core/src/connectors/petra.ts:109 || packages/awgmi/core/src/connectors/petra.ts:112 || packages/awgmi/core/src/connectors/pontem.ts:31 || packages/awgmi/core/src/connectors/pontem.ts:144 || packages/awgmi/core/src/connectors/pontem.ts:147 || packages/awgmi/core/src/connectors/pontem.ts:150 || packages/awgmi/core/src/connectors/rise.ts:23 || packages/awgmi/core/src/connectors/rise.ts:129 || packages/awgmi/core/src/connectors/rise.ts:132 || packages/awgmi/core/src/connectors/types.ts:41 || packages/awgmi/core/src/index.test.ts:21 || packages/awgmi/core/src/index.ts:9 || packages/awgmi/src/hooks/useSignMessage.ts:1 || packages/awgmi/src/hooks/useSignMessage.ts:11 || packages/awgmi/src/hooks/useSignMessage.ts:34 || packages/awgmi/src/hooks/useSignMessage.ts:52,,,
DODOEX/dodo-v3,https://github.com/DODOEX/dodo-v3,,,,,,,,,,,
compound-finance/compound-js,https://github.com/compound-finance/compound-js,,src/EIP712.ts:138 || test/EIP712.test.js:13 || test/EIP712.test.js:69 || test/EIP712.test.js:71,,,,,,,,,
VenusProtocol/venus-js,https://github.com/VenusProtocol/venus-js,,src/EIP712.ts:138,,,,,,,,,
Uniswap/conedison,https://github.com/Uniswap/conedison,,src/provider/signing.test.ts:4 || src/provider/signing.test.ts:7 || src/provider/signing.test.ts:60 || src/provider/signing.test.ts:62 || src/provider/signing.test.ts:80 || src/provider/signing.test.ts:88 || src/provider/signing.test.ts:90 || src/provider/signing.test.ts:94 || src/provider/signing.test.ts:96 || src/provider/signing.test.ts:101 || src/provider/signing.test.ts:102 || src/provider/signing.test.ts:104 || src/provider/signing.test.ts:111 || src/provider/signing.test.ts:113 || src/provider/signing.test.ts:117 || src/provider/signing.test.ts:119 || src/provider/signing.test.ts:124 || src/provider/signing.test.ts:125 || src/provider/signing.test.ts:129 || src/provider/signing.test.ts:144 || src/provider/signing.ts:7 || src/provider/signing.ts:7 || src/provider/signing.ts:28 || src/provider/signing.ts:28 || src/provider/signing.ts:32 || src/provider/signing.ts:36 || src/provider/signing.ts:45 || src/provider/signing.ts:45 || src/provider/signing.ts:52 || src/provider/signing.ts:59,src/provider/signing.test.ts:47 || src/provider/signing.test.ts:55 || src/provider/signing.test.ts:62 || src/provider/signing.test.ts:67 || src/provider/signing.test.ts:138 || src/provider/signing.test.ts:140 || src/provider/signing.test.ts:146 || src/provider/signing.ts:27 || src/provider/signing.ts:52 || src/provider/signing.ts:59 || src/provider/signing.ts:61,,,,,,src/provider/signing.test.ts:47 || src/provider/signing.test.ts:55 || src/provider/signing.test.ts:62 || src/provider/signing.test.ts:67 || src/provider/signing.test.ts:138 || src/provider/signing.test.ts:140 || src/provider/signing.test.ts:146 || src/provider/signing.ts:27 || src/provider/signing.ts:52 || src/provider/signing.ts:59 || src/provider/signing.ts:61,,
alpaca-finance/bsc-alpaca-contract,https://github.com/alpaca-finance/bsc-alpaca-contract,,,,,,,,,,,solidity/contracts/5/apis/pancake/PancakeERC20.sol:110 || solidity/contracts/5/protocol/apis/biswap/BiswapFactory.sol:203 || solidity/contracts/5/protocol/apis/biswap/BiswapPair.sol:180 || solidity/contracts/5/protocol/apis/mdex/MdexFactory.sol:722 || solidity/contracts/5/protocol/apis/wault/WaultSwapFactory.sol:287 || solidity/contracts/6.12/protocol/apis/biswap/BSWToken.sol:1133 || solidity/contracts/6.12/protocol/apis/biswap/BiswapMasterChef.sol:1216 || solidity/contracts/6/protocol/apis/mdex/MdxToken.sol:866 || solidity/contracts/6/protocol/apis/pancake/PancakeMasterChef.sol:1063 || solidity/contracts/6/protocol/apis/pancake/PancakeMasterChef.sol:1327 || solidity/contracts/6/protocol/apis/spooky/SpookyToken.sol:119 || solidity/contracts/6/protocol/apis/sushi/MasterChef.sol:1275 || solidity/contracts/6/token/AlpacaToken.sol:245
MetaMask/metamask-extension,https://github.com/MetaMask/metamask-extension,,.storybook/initial-states/transactions.js:11 || .storybook/initial-states/transactions.js:474 || app/scripts/controllers/mmi-controller.js:66 || app/scripts/controllers/mmi-controller.js:580 || app/scripts/controllers/permissions/specifications.js:257 || app/scripts/controllers/permissions/specifications.js:258 || app/scripts/controllers/permissions/specifications.js:259 || app/scripts/controllers/permissions/specifications.js:260 || app/scripts/lib/createRPCMethodTrackingMiddleware.test.js:437 || app/scripts/lib/ppom/ppom-middleware.ts:18 || app/scripts/lib/ppom/ppom-middleware.ts:19 || app/scripts/lib/ppom/ppom-middleware.ts:20 || app/scripts/lib/ppom/ppom-middleware.ts:21 || app/scripts/metamask-controller.js:375 || shared/constants/app.ts:36 || shared/constants/app.ts:37 || shared/constants/app.ts:38 || shared/constants/transaction.ts:36 || shared/constants/transaction.ts:36 || test/e2e/accounts/test-snap-accounts.spec.js:169 || test/e2e/accounts/test-snap-accounts.spec.js:170 || test/e2e/accounts/test-snap-accounts.spec.js:171 || test/e2e/accounts/test-snap-accounts.spec.js:172 || test/e2e/accounts/test-snap-accounts.spec.js:173 || test/e2e/accounts/test-snap-accounts.spec.js:174 || test/e2e/accounts/test-snap-accounts.spec.js:175 || test/e2e/accounts/test-snap-accounts.spec.js:176 || test/e2e/accounts/test-snap-accounts.spec.js:177 || test/e2e/accounts/test-snap-accounts.spec.js:207 || test/e2e/accounts/test-snap-accounts.spec.js:207 || test/e2e/accounts/test-snap-accounts.spec.js:227 || test/e2e/accounts/test-snap-accounts.spec.js:228 || test/e2e/accounts/test-snap-accounts.spec.js:236 || test/e2e/accounts/test-snap-accounts.spec.js:237 || test/e2e/accounts/test-snap-accounts.spec.js:300 || test/e2e/flask/petnames.spec.js:69 || test/e2e/flask/petnames.spec.js:69 || test/e2e/metrics/signature-approved.spec.js:51 || test/e2e/metrics/signature-approved.spec.js:72 || test/e2e/metrics/signature-approved.spec.js:79 || test/e2e/metrics/signature-approved.spec.js:89 || test/e2e/metrics/signature-approved.spec.js:100 || test/e2e/metrics/signature-approved.spec.js:121 || test/e2e/metrics/signature-approved.spec.js:128 || test/e2e/metrics/signature-approved.spec.js:138 || test/e2e/metrics/signature-approved.spec.js:149 || test/e2e/metrics/signature-approved.spec.js:170 || test/e2e/metrics/signature-approved.spec.js:176 || test/e2e/metrics/signature-approved.spec.js:186 || test/e2e/tests/ppom-blockaid-alert.spec.js:37 || test/e2e/tests/ppom-blockaid-alert.spec.js:45 || test/e2e/tests/ppom-blockaid-alert.spec.js:52 || test/e2e/tests/ppom-blockaid-alert.spec.js:53 || test/e2e/tests/security-provider.spec.js:140 || test/e2e/tests/security-provider.spec.js:220 || test/e2e/tests/signature-request.spec.js:12 || test/e2e/tests/signature-request.spec.js:13 || test/e2e/tests/signature-request.spec.js:14 || test/e2e/tests/signature-request.spec.js:19 || test/e2e/tests/signature-request.spec.js:20 || test/e2e/tests/signature-request.spec.js:21 || test/e2e/tests/signature-request.spec.js:22 || test/e2e/tests/signature-request.spec.js:31 || test/e2e/tests/signature-request.spec.js:32 || test/e2e/tests/signature-request.spec.js:33 || test/e2e/tests/signature-request.spec.js:34 || test/e2e/tests/signature-request.spec.js:43 || test/e2e/tests/signature-request.spec.js:44 || test/e2e/tests/signature-request.spec.js:45 || test/e2e/tests/signature-request.spec.js:46 || test/e2e/tests/signature-request.spec.js:95 || test/e2e/tests/signature-request.spec.js:166 || test/e2e/tests/signature-request.spec.js:204 || test/e2e/tests/signature-request.spec.js:219 || test/e2e/tests/signature-request.spec.js:228 || test/e2e/tests/signature-request.spec.js:233 || ui/components/app/signature-request-original/signature-request-original.stories.js:117 || ui/components/app/transaction-list-item/transaction-list-item.stories.js:145 || ui/components/app/transaction-list-item/transaction-list-item.stories.js:148 || ui/hooks/useTransactionDisplayData.js:62 || ui/pages/confirm-signature-request/index.test.js:30 || ui/selectors/transactions.js:589 || ui/selectors/transactions.test.js:87 || ui/selectors/transactions.test.js:383,.storybook/initial-states/transactions.js:10 || .storybook/initial-states/transactions.js:442 || app/scripts/controllers/permissions/specifications.js:256 || app/scripts/controllers/preferences.js:55 || app/scripts/lib/createRPCMethodTrackingMiddleware.js:38 || app/scripts/lib/createRPCMethodTrackingMiddleware.js:58 || app/scripts/lib/createRPCMethodTrackingMiddleware.js:282 || app/scripts/lib/createRPCMethodTrackingMiddleware.js:284 || app/scripts/lib/createRPCMethodTrackingMiddleware.test.js:78 || app/scripts/lib/createRPCMethodTrackingMiddleware.test.js:99 || app/scripts/lib/createRPCMethodTrackingMiddleware.test.js:120 || app/scripts/lib/createRPCMethodTrackingMiddleware.test.js:138 || app/scripts/lib/createRPCMethodTrackingMiddleware.test.js:283 || app/scripts/lib/createRPCMethodTrackingMiddleware.test.js:287 || app/scripts/lib/createRPCMethodTrackingMiddleware.test.js:304 || app/scripts/lib/createRPCMethodTrackingMiddleware.test.js:315 || app/scripts/lib/createRPCMethodTrackingMiddleware.test.js:330 || app/scripts/lib/createRPCMethodTrackingMiddleware.test.js:344 || app/scripts/lib/createRPCMethodTrackingMiddleware.test.js:359 || app/scripts/lib/createRPCMethodTrackingMiddleware.test.js:374 || app/scripts/lib/createRPCMethodTrackingMiddleware.test.js:389 || app/scripts/lib/ppom/ppom-middleware.ts:17 || app/scripts/lib/security-provider-helpers.test.ts:27 || app/scripts/lib/security-provider-helpers.test.ts:49 || app/scripts/lib/security-provider-helpers.test.ts:64 || app/scripts/lib/security-provider-helpers.ts:50 || app/scripts/metamask-controller.js:1501 || app/scripts/migrations/092.3.test.ts:9 || shared/constants/app.ts:35 || shared/constants/app.ts:35 || shared/constants/transaction.ts:35 || test/e2e/metrics/signature-approved.spec.js:245 || test/e2e/metrics/signature-approved.spec.js:253 || test/e2e/metrics/signature-approved.spec.js:281 || test/e2e/metrics/signature-approved.spec.js:291 || test/e2e/tests/eth-sign.spec.js:13 || test/e2e/tests/eth-sign.spec.js:33 || test/e2e/tests/eth-sign.spec.js:50 || test/e2e/tests/eth-sign.spec.js:105 || ui/components/app/modals/eth-sign-modal/eth-sign-modal.js:56 || ui/components/app/modals/eth-sign-modal/eth-sign-modal.js:57 || ui/components/app/modals/eth-sign-modal/eth-sign-modal.test.js:30 || ui/components/app/modals/modal.js:175 || ui/components/app/signature-request-original/signature-request-original.component.js:170 || ui/components/app/signature-request-original/signature-request-original.component.js:354 || ui/components/app/signature-request-original/signature-request-original.stories.js:102 || ui/components/app/signature-request-original/signature-request-original.stories.js:111 || ui/components/app/signature-request-original/signature-request-original.test.js:67 || ui/components/app/transaction-list-item/transaction-list-item.stories.js:138 || ui/pages/settings/advanced-tab/advanced-tab.component.js:75 || ui/pages/settings/advanced-tab/advanced-tab.component.js:590 || ui/pages/settings/advanced-tab/advanced-tab.component.js:614 || ui/pages/settings/advanced-tab/advanced-tab.component.js:628 || ui/pages/settings/advanced-tab/advanced-tab.container.js:72 || ui/selectors/selectors.js:187 || ui/selectors/transactions.test.js:26,.storybook/initial-states/transactions.js:8 || .storybook/initial-states/transactions.js:8 || .storybook/initial-states/transactions.js:252 || .storybook/initial-states/transactions.js:286 || app/scripts/controllers/mmi-controller.js:59 || app/scripts/controllers/mmi-controller.js:586 || app/scripts/controllers/permissions/specifications.js:271 || app/scripts/lib/createRPCMethodTrackingMiddleware.js:42 || app/scripts/lib/createRPCMethodTrackingMiddleware.js:79 || app/scripts/lib/createRPCMethodTrackingMiddleware.js:246 || app/scripts/lib/createRPCMethodTrackingMiddleware.test.js:171 || app/scripts/lib/createRPCMethodTrackingMiddleware.test.js:186 || app/scripts/lib/createRPCMethodTrackingMiddleware.test.js:255 || app/scripts/lib/createRPCMethodTrackingMiddleware.test.js:276 || app/scripts/lib/createRPCMethodTrackingMiddleware.test.js:415 || app/scripts/lib/ppom/ppom-middleware.ts:22 || app/scripts/lib/security-provider-helpers.test.ts:28 || app/scripts/lib/security-provider-helpers.test.ts:50 || app/scripts/lib/security-provider-helpers.test.ts:65 || app/scripts/lib/security-provider-helpers.ts:51 || shared/constants/app.ts:41 || shared/constants/app.ts:41 || shared/constants/transaction.ts:27 || test/e2e/metrics/signature-approved.spec.js:224 || test/e2e/metrics/signature-approved.spec.js:234 || test/e2e/tests/personal-sign.spec.js:51 || test/e2e/tests/personal-sign.spec.js:112 || ui/components/app/signature-request-original/signature-request-original.component.js:164 || ui/components/app/signature-request-original/signature-request-original.stories.js:87 || ui/components/app/signature-request-original/signature-request-original.stories.js:96 || ui/components/app/signature-request-original/signature-request-original.stories.js:152 || ui/components/app/signature-request-siwe/signature-request-siwe.test.js:60 || ui/components/app/transaction-list-item/transaction-list-item.stories.js:131 || ui/selectors/selectors.js:188 || ui/selectors/transactions.test.js:56,,test/e2e/metrics/signature-approved.spec.js:100,test/e2e/metrics/signature-approved.spec.js:51,app/scripts/metamask-controller.js:920 || app/scripts/metamask-controller.js:1493 || ui/components/app/signature-request-original/signature-request-original.test.js:59 || ui/store/actions.test.js:49,.storybook/initial-states/transactions.js:10 || .storybook/initial-states/transactions.js:442 || app/scripts/controllers/permissions/specifications.js:256 || app/scripts/controllers/preferences.js:55 || app/scripts/lib/createRPCMethodTrackingMiddleware.js:38 || app/scripts/lib/createRPCMethodTrackingMiddleware.js:58 || app/scripts/lib/createRPCMethodTrackingMiddleware.js:282 || app/scripts/lib/createRPCMethodTrackingMiddleware.js:284 || app/scripts/lib/createRPCMethodTrackingMiddleware.test.js:78 || app/scripts/lib/createRPCMethodTrackingMiddleware.test.js:99 || app/scripts/lib/createRPCMethodTrackingMiddleware.test.js:120 || app/scripts/lib/createRPCMethodTrackingMiddleware.test.js:138 || app/scripts/lib/createRPCMethodTrackingMiddleware.test.js:283 || app/scripts/lib/createRPCMethodTrackingMiddleware.test.js:287 || app/scripts/lib/createRPCMethodTrackingMiddleware.test.js:304 || app/scripts/lib/createRPCMethodTrackingMiddleware.test.js:315 || app/scripts/lib/createRPCMethodTrackingMiddleware.test.js:330 || app/scripts/lib/createRPCMethodTrackingMiddleware.test.js:344 || app/scripts/lib/createRPCMethodTrackingMiddleware.test.js:359 || app/scripts/lib/createRPCMethodTrackingMiddleware.test.js:374 || app/scripts/lib/createRPCMethodTrackingMiddleware.test.js:389 || app/scripts/lib/ppom/ppom-middleware.ts:17 || app/scripts/lib/security-provider-helpers.test.ts:27 || app/scripts/lib/security-provider-helpers.test.ts:49 || app/scripts/lib/security-provider-helpers.test.ts:64 || app/scripts/lib/security-provider-helpers.ts:50 || app/scripts/metamask-controller.js:1501 || app/scripts/migrations/092.3.test.ts:9 || shared/constants/app.ts:35 || shared/constants/app.ts:35 || shared/constants/transaction.ts:35 || test/e2e/metrics/signature-approved.spec.js:245 || test/e2e/metrics/signature-approved.spec.js:253 || test/e2e/metrics/signature-approved.spec.js:281 || test/e2e/metrics/signature-approved.spec.js:291 || test/e2e/tests/eth-sign.spec.js:12 || test/e2e/tests/eth-sign.spec.js:13 || test/e2e/tests/eth-sign.spec.js:33 || test/e2e/tests/eth-sign.spec.js:39 || test/e2e/tests/eth-sign.spec.js:50 || test/e2e/tests/eth-sign.spec.js:94 || test/e2e/tests/eth-sign.spec.js:105 || test/e2e/tests/eth-sign.spec.js:119 || test/e2e/tests/eth-sign.spec.js:129 || test/e2e/tests/eth-sign.spec.js:144 || test/e2e/tests/eth-sign.spec.js:151 || ui/components/app/modals/eth-sign-modal/eth-sign-modal.js:56 || ui/components/app/modals/eth-sign-modal/eth-sign-modal.js:57 || ui/components/app/modals/eth-sign-modal/eth-sign-modal.js:66 || ui/components/app/modals/eth-sign-modal/eth-sign-modal.js:79 || ui/components/app/modals/eth-sign-modal/eth-sign-modal.js:85 || ui/components/app/modals/eth-sign-modal/eth-sign-modal.js:115 || ui/components/app/modals/eth-sign-modal/eth-sign-modal.stories.js:2 || ui/components/app/modals/eth-sign-modal/eth-sign-modal.test.js:5 || ui/components/app/modals/eth-sign-modal/eth-sign-modal.test.js:16 || ui/components/app/modals/eth-sign-modal/eth-sign-modal.test.js:30 || ui/components/app/modals/eth-sign-modal/index.js:1 || ui/components/app/modals/modal.js:32 || ui/components/app/modals/modal.js:32 || ui/components/app/modals/modal.js:175 || ui/components/app/signature-request-original/signature-request-original.component.js:170 || ui/components/app/signature-request-original/signature-request-original.component.js:354 || ui/components/app/signature-request-original/signature-request-original.stories.js:102 || ui/components/app/signature-request-original/signature-request-original.stories.js:111 || ui/components/app/signature-request-original/signature-request-original.test.js:67 || ui/components/app/signature-request-original/signature-request-original.test.js:106 || ui/components/app/signature-request-original/signature-request-original.test.js:111 || ui/components/app/transaction-list-item/transaction-list-item.stories.js:138 || ui/components/multichain/account-list-menu/account-list-menu.test.js:102 || ui/pages/settings/advanced-tab/advanced-tab.component.js:75 || ui/pages/settings/advanced-tab/advanced-tab.component.js:590 || ui/pages/settings/advanced-tab/advanced-tab.component.js:614 || ui/pages/settings/advanced-tab/advanced-tab.component.js:627 || ui/pages/settings/advanced-tab/advanced-tab.component.js:628 || ui/pages/settings/advanced-tab/advanced-tab.container.js:72 || ui/selectors/permissions.test.js:146 || ui/selectors/permissions.test.js:335 || ui/selectors/selectors.js:187 || ui/selectors/transactions.test.js:16 || ui/selectors/transactions.test.js:26,.storybook/initial-states/transactions.js:8 || .storybook/initial-states/transactions.js:8 || .storybook/initial-states/transactions.js:252 || .storybook/initial-states/transactions.js:286 || app/scripts/controllers/mmi-controller.js:59 || app/scripts/controllers/mmi-controller.js:586 || app/scripts/controllers/permissions/specifications.js:271 || app/scripts/lib/createRPCMethodTrackingMiddleware.js:42 || app/scripts/lib/createRPCMethodTrackingMiddleware.js:79 || app/scripts/lib/createRPCMethodTrackingMiddleware.js:246 || app/scripts/lib/createRPCMethodTrackingMiddleware.test.js:171 || app/scripts/lib/createRPCMethodTrackingMiddleware.test.js:186 || app/scripts/lib/createRPCMethodTrackingMiddleware.test.js:255 || app/scripts/lib/createRPCMethodTrackingMiddleware.test.js:276 || app/scripts/lib/createRPCMethodTrackingMiddleware.test.js:413 || app/scripts/lib/createRPCMethodTrackingMiddleware.test.js:415 || app/scripts/lib/ppom/ppom-middleware.ts:22 || app/scripts/lib/security-provider-helpers.test.ts:28 || app/scripts/lib/security-provider-helpers.test.ts:50 || app/scripts/lib/security-provider-helpers.test.ts:65 || app/scripts/lib/security-provider-helpers.ts:51 || shared/constants/app.ts:41 || shared/constants/app.ts:41 || shared/constants/transaction.ts:27 || test/e2e/accounts/test-snap-accounts.spec.js:317 || test/e2e/metrics/signature-approved.spec.js:224 || test/e2e/metrics/signature-approved.spec.js:234 || test/e2e/tests/personal-sign.spec.js:10 || test/e2e/tests/personal-sign.spec.js:11 || test/e2e/tests/personal-sign.spec.js:51 || test/e2e/tests/personal-sign.spec.js:86 || test/e2e/tests/personal-sign.spec.js:95 || test/e2e/tests/personal-sign.spec.js:112 || test/e2e/tests/personal-sign.spec.js:114 || test/e2e/tests/personal-sign.spec.js:117 || test/e2e/tests/personal-sign.spec.js:132 || ui/components/app/signature-request-original/signature-request-original.component.js:164 || ui/components/app/signature-request-original/signature-request-original.stories.js:87 || ui/components/app/signature-request-original/signature-request-original.stories.js:96 || ui/components/app/signature-request-original/signature-request-original.stories.js:152 || ui/components/app/signature-request-siwe/signature-request-siwe.test.js:60 || ui/components/app/transaction-list-item/transaction-list-item.stories.js:131 || ui/selectors/selectors.js:188 || ui/selectors/transactions.test.js:46 || ui/selectors/transactions.test.js:56,
biswap-org/core,https://github.com/biswap-org/core,,,,,,,,,,,contracts/BiswapERC20.sol:90
Python,Python,,
ProjectOpenSea/opensea-js,https://github.com/ProjectOpenSea/opensea-js,,,,,,,,,,,
sushiswap/sushiswap,https://github.com/sushiswap/sushiswap,,packages/wagmi/src/future/hooks/bentobox/hooks/useBentoboxApproval.ts:18 || packages/wagmi/src/future/hooks/bentobox/hooks/useBentoboxApproval.ts:43 || packages/wagmi/src/future/hooks/bentobox/hooks/useBentoboxApproval.ts:43 || packages/wagmi/src/future/hooks/bentobox/hooks/useBentoboxApproval.ts:153 || packages/wagmi/src/future/hooks/bentobox/hooks/useBentoboxApproval.ts:204,packages/wagmi/src/test/utils.ts:56,packages/wagmi/src/test/utils.ts:55,,,,,packages/wagmi/src/test/utils.ts:56,packages/wagmi/src/test/utils.ts:55,
maticnetwork/contracts,https://github.com/maticnetwork/contracts,,,test/units/staking/DrainStakeManager.test.js:139,,,,,,test/units/staking/DrainStakeManager.test.js:139,,contracts/child/ChildToken.sol:74 || contracts/child/ChildToken.sol:75 || contracts/child/ChildToken.sol:76 || contracts/common/gnosis/GnosisSafe.sol:552 || contracts/common/gnosis/GnosisSafe.sol:911 || contracts/common/gnosis/GnosisSafe.sol:912 || contracts/common/gnosis/GnosisSafe.sol:914 || contracts/common/gnosis/GnosisSafe.sol:915 || contracts/common/lib/ECVerify.sol:34 || contracts/common/lib/ECVerify.sol:36 || contracts/common/lib/ECVerify.sol:71 || contracts/common/lib/ECVerify.sol:73 || contracts/common/lib/ECVerify.sol:85 || contracts/common/lib/ECVerify.sol:87 || contracts/root/predicates/IPredicate.sol:93
X2Y2-io/nft-sales-adapters,https://github.com/X2Y2-io/nft-sales-adapters,,,,,,,,,,,
LooksRare/looksrare-sdk,https://github.com/LooksRare/looksrare-sdk,,src/sign/etherSignTypedData.ts:40 || src/sign/etherSignTypedData.ts:45 || src/sign/etherSignTypedData.ts:63 || src/sign/etherSignTypedData.ts:66 || src/sign/getMakerOrderTypeAndDomain.ts:9 || src/sign/signMakerOrder.ts:3 || src/sign/signMakerOrder.ts:3 || src/sign/signMakerOrder.ts:22,,,,,,,,,
shibaswaparmy/sushiswap-interface,https://github.com/shibaswaparmy/sushiswap-interface,,src/entities/KashiCooker.ts:52 || src/hooks/useERC20Permit.ts:248,src/hooks/useSwapCallback.ts:696,,,,,,src/hooks/useSwapCallback.ts:696,,
KyberNetwork/KyberSwap,https://github.com/KyberNetwork/KyberSwap,,,dist/dev/app.min.js:19 || dist/dev/app.min.js:82 || dist/kovan/app.min.1534762553712.js:58 || dist/kovan/app.min.1534762553712.js:88 || dist/kovan/app.min.1534762553712.js:96 || dist/mainnet_test/app.min.1537001837086.js:58 || dist/mainnet_test/app.min.1537001837086.js:88 || dist/mainnet_test/app.min.1537001837086.js:96 || dist/rinkeby/app.min.js:19 || dist/rinkeby/app.min.js:93 || dist/rinkeby/app.min.js:110 || src/assets/libs/torus/embed.min.js:8 || src/assets/libs/torus/embed.min.js:58,dist/dev/app.min.js:30 || dist/kovan/app.min.1534762553712.js:1 || dist/mainnet_test/app.min.1537001837086.js:1 || dist/rinkeby/app.min.js:43 || src/assets/libs/torus/embed.min.js:58,,,,dist/dev/app.min.js:111 || dist/dev/app.min.js:111 || dist/kovan/app.min.1534762553712.js:103 || dist/mainnet_test/app.min.1537001837086.js:103 || dist/rinkeby/app.min.js:43 || dist/rinkeby/app.min.js:43,dist/dev/app.min.js:19 || dist/dev/app.min.js:82 || dist/kovan/app.min.1534762553712.js:58 || dist/kovan/app.min.1534762553712.js:88 || dist/kovan/app.min.1534762553712.js:96 || dist/mainnet_test/app.min.1537001837086.js:58 || dist/mainnet_test/app.min.1537001837086.js:88 || dist/mainnet_test/app.min.1537001837086.js:96 || dist/rinkeby/app.min.js:19 || dist/rinkeby/app.min.js:93 || dist/rinkeby/app.min.js:110 || src/assets/libs/torus/embed.min.js:8 || src/assets/libs/torus/embed.min.js:58,dist/dev/app.min.js:24 || dist/dev/app.min.js:30 || dist/kovan/app.min.1534762553712.js:1 || dist/mainnet_test/app.min.1537001837086.js:1 || dist/rinkeby/app.min.js:43 || src/assets/libs/torus/embed.min.js:58 || src/js/services/web3/dapp/DappBrowser.js:85,
dydxprotocol/solo,https://github.com/dydxprotocol/solo,,__tests__/WalletLogin.test.ts:40 || __tests__/proxies/SignedOperationProxy.test.ts:234 || __tests__/proxies/SignedOperationProxy.test.ts:258 || __tests__/traders/CanonicalOrders.test.ts:114 || __tests__/traders/CanonicalOrders.test.ts:134 || __tests__/traders/LimitOrders.test.ts:97 || __tests__/traders/LimitOrders.test.ts:117 || __tests__/traders/StopLimitOrders.test.ts:111 || __tests__/traders/StopLimitOrders.test.ts:131 || src/modules/CanonicalOrders.ts:372 || src/modules/CanonicalOrders.ts:396 || src/modules/LimitOrders.ts:273 || src/modules/LimitOrders.ts:297 || src/modules/SignOffChainAction.ts:95 || src/modules/SignedOperations.ts:564 || src/modules/SignedOperations.ts:588 || src/modules/Signer.ts:44 || src/modules/Signer.ts:56 || src/modules/Signer.ts:61 || src/modules/Signer.ts:66 || src/modules/Signer.ts:71 || src/modules/StopLimitOrders.ts:283 || src/modules/StopLimitOrders.ts:307,,,,,,,__tests__/WalletLogin.test.ts:21 || __tests__/proxies/SignedOperationProxy.test.ts:227 || __tests__/proxies/SignedOperationProxy.test.ts:249 || __tests__/traders/CanonicalOrders.test.ts:108 || __tests__/traders/CanonicalOrders.test.ts:128 || __tests__/traders/LimitOrders.test.ts:91 || __tests__/traders/LimitOrders.test.ts:111 || __tests__/traders/StopLimitOrders.test.ts:105 || __tests__/traders/StopLimitOrders.test.ts:125 || src/modules/OrderSigner.ts:95 || src/modules/OrderSigner.ts:152 || src/modules/SignOffChainAction.ts:64 || src/modules/SignedOperations.ts:234 || src/modules/SignedOperations.ts:291 || src/modules/SignedOperations.ts:323 || src/modules/SignedOperations.ts:337 || src/modules/SignedOperations.ts:346,,contracts/external/lib/TypedSignature.sol:113
meta-dapp/erc20-token-generator,https://github.com/meta-dapp/erc20-token-generator,,,,,,,,,,,
consenlabs/tokenlon-mmsk,https://github.com/consenlabs/tokenlon-mmsk,,src/signer/rfqv1.ts:114 || src/signer/rfqv2.ts:125,,,,,,src/signer/pmmv5.ts:78 || src/signer/pmmv5.ts:97 || src/signer/rfqv1.ts:42 || src/signer/rfqv2.ts:32 || src/signer/rfqv2.ts:67,,,contracts/MarketMakerProxy.sol:27 || contracts/MarketMakerProxy.sol:43
ArrakisFinance/v2-core,https://github.com/ArrakisFinance/v2-core,,,,,,,,,,,
balancer/balancer-v2-monorepo,https://github.com/balancer/balancer-v2-monorepo,,pkg/balancer-js/src/utils/permit.ts:57 || pkg/balancer-js/src/utils/signatures.ts:169 || pkg/balancer-js/src/utils/signatures.ts:218 || pkg/solidity-utils/test/EOASignaturesValidator.test.ts:50 || pkg/solidity-utils/test/OptionalOnlyCaller.test.ts:83 || pkg/solidity-utils/test/SignaturesValidator.test.ts:236,,,,,,pkg/solidity-utils/test/ExtraCalldataEOASignaturesValidator.test.ts:49,,,pkg/solidity-utils/contracts/helpers/EOASignaturesValidator.sol:80 || pkg/solidity-utils/contracts/helpers/EOASignaturesValidator.sol:88 || pkg/solidity-utils/contracts/helpers/EOASignaturesValidator.sol:90
mdexSwap/bscswap,https://github.com/mdexSwap/bscswap,,static/js/3.1adcbcfc.chunk.js:2 || static/js/3.1adcbcfc.chunk.js:2 || static/js/3.1adcbcfc.chunk.js:2 || static/js/3.1adcbcfc.chunk.js:2 || static/js/3.1adcbcfc.chunk.js:2 || static/js/4.5e223a4e.chunk.js:2 || static/js/4.5e223a4e.chunk.js:2 || static/js/4.5e223a4e.chunk.js:2 || static/js/4.5e223a4e.chunk.js:2 || static/js/4.5e223a4e.chunk.js:2 || static/js/4.5e223a4e.chunk.js:2 || static/js/4.5e223a4e.chunk.js:2 || static/js/4.5e223a4e.chunk.js:2 || static/js/4.5e223a4e.chunk.js:2 || static/js/4.5e223a4e.chunk.js:2 || static/js/4.5e223a4e.chunk.js:2 || static/js/4.5e223a4e.chunk.js:2 || static/js/5.b5d08565.chunk.js:1 || static/js/5.b5d08565.chunk.js:1 || static/js/5.b5d08565.chunk.js:1 || static/js/5.b5d08565.chunk.js:1 || static/js/5.b5d08565.chunk.js:1 || static/js/5.b5d08565.chunk.js:1 || static/js/5.b5d08565.chunk.js:1 || static/js/5.b5d08565.chunk.js:1 || static/js/5.b5d08565.chunk.js:1 || static/js/5.b5d08565.chunk.js:1 || static/js/5.b5d08565.chunk.js:1 || static/js/5.b5d08565.chunk.js:1 || static/js/5.b5d08565.chunk.js:1 || static/js/5.b5d08565.chunk.js:1 || static/js/5.b5d08565.chunk.js:1 || static/js/5.b5d08565.chunk.js:1 || static/js/5.b5d08565.chunk.js:1 || static/js/5.b5d08565.chunk.js:1 || static/js/5.b5d08565.chunk.js:1 || static/js/5.b5d08565.chunk.js:1 || static/js/5.b5d08565.chunk.js:1 || static/js/5.b5d08565.chunk.js:1 || static/js/5.b5d08565.chunk.js:1 || static/js/5.b5d08565.chunk.js:1 || static/js/5.b5d08565.chunk.js:1 || static/js/5.b5d08565.chunk.js:1 || static/js/5.b5d08565.chunk.js:1 || static/js/6.7b4aeb01.chunk.js:2 || static/js/6.7b4aeb01.chunk.js:2 || static/js/6.7b4aeb01.chunk.js:2 || static/js/6.7b4aeb01.chunk.js:2 || static/js/6.7b4aeb01.chunk.js:2 || static/js/main.c436dd1c.chunk.js:1,static/js/3.1adcbcfc.chunk.js:2 || static/js/3.1adcbcfc.chunk.js:2 || static/js/3.1adcbcfc.chunk.js:2 || static/js/4.5e223a4e.chunk.js:2 || static/js/4.5e223a4e.chunk.js:2 || static/js/4.5e223a4e.chunk.js:2 || static/js/4.5e223a4e.chunk.js:2 || static/js/4.5e223a4e.chunk.js:2 || static/js/4.5e223a4e.chunk.js:2 || static/js/4.5e223a4e.chunk.js:2 || static/js/5.b5d08565.chunk.js:1 || static/js/5.b5d08565.chunk.js:1 || static/js/5.b5d08565.chunk.js:1 || static/js/6.7b4aeb01.chunk.js:2 || static/js/6.7b4aeb01.chunk.js:2 || static/js/6.7b4aeb01.chunk.js:2 || static/js/6.7b4aeb01.chunk.js:2 || static/js/6.7b4aeb01.chunk.js:2,static/js/3.1adcbcfc.chunk.js:2 || static/js/3.1adcbcfc.chunk.js:2 || static/js/4.5e223a4e.chunk.js:2 || static/js/4.5e223a4e.chunk.js:2 || static/js/4.5e223a4e.chunk.js:2 || static/js/4.5e223a4e.chunk.js:2 || static/js/5.b5d08565.chunk.js:1 || static/js/5.b5d08565.chunk.js:1 || static/js/5.b5d08565.chunk.js:1 || static/js/6.7b4aeb01.chunk.js:2,,,static/js/6.7b4aeb01.chunk.js:2,static/js/3.1adcbcfc.chunk.js:2 || static/js/3.1adcbcfc.chunk.js:2 || static/js/3.1adcbcfc.chunk.js:2 || static/js/3.1adcbcfc.chunk.js:2 || static/js/4.5e223a4e.chunk.js:2 || static/js/4.5e223a4e.chunk.js:2 || static/js/4.5e223a4e.chunk.js:2 || static/js/4.5e223a4e.chunk.js:2 || static/js/4.5e223a4e.chunk.js:2 || static/js/4.5e223a4e.chunk.js:2 || static/js/4.5e223a4e.chunk.js:2 || static/js/6.7b4aeb01.chunk.js:2 || static/js/6.7b4aeb01.chunk.js:2 || static/js/6.7b4aeb01.chunk.js:2 || static/js/6.7b4aeb01.chunk.js:2 || static/js/6.7b4aeb01.chunk.js:2 || static/js/6.7b4aeb01.chunk.js:2 || static/js/6.7b4aeb01.chunk.js:2 || static/js/6.7b4aeb01.chunk.js:2 || static/js/6.7b4aeb01.chunk.js:2 || static/js/6.7b4aeb01.chunk.js:2 || static/js/6.7b4aeb01.chunk.js:2,static/js/3.1adcbcfc.chunk.js:2 || static/js/3.1adcbcfc.chunk.js:2 || static/js/3.1adcbcfc.chunk.js:2 || static/js/4.5e223a4e.chunk.js:2 || static/js/4.5e223a4e.chunk.js:2 || static/js/4.5e223a4e.chunk.js:2 || static/js/4.5e223a4e.chunk.js:2 || static/js/4.5e223a4e.chunk.js:2 || static/js/4.5e223a4e.chunk.js:2 || static/js/4.5e223a4e.chunk.js:2 || static/js/5.b5d08565.chunk.js:1 || static/js/5.b5d08565.chunk.js:1 || static/js/5.b5d08565.chunk.js:1 || static/js/6.7b4aeb01.chunk.js:2 || static/js/6.7b4aeb01.chunk.js:2 || static/js/6.7b4aeb01.chunk.js:2 || static/js/6.7b4aeb01.chunk.js:2 || static/js/6.7b4aeb01.chunk.js:2,static/js/3.1adcbcfc.chunk.js:2 || static/js/3.1adcbcfc.chunk.js:2 || static/js/4.5e223a4e.chunk.js:2 || static/js/4.5e223a4e.chunk.js:2 || static/js/4.5e223a4e.chunk.js:2 || static/js/4.5e223a4e.chunk.js:2 || static/js/5.b5d08565.chunk.js:1 || static/js/5.b5d08565.chunk.js:1 || static/js/5.b5d08565.chunk.js:1 || static/js/6.7b4aeb01.chunk.js:2,
ApeSwapFinance/apeswap-swap-core,https://github.com/ApeSwapFinance/apeswap-swap-core,,,,,,,,,,,contracts/ApeERC20.sol:100
wormhole-foundation/wormhole,https://github.com/wormhole-foundation/wormhole,,,,,,,,,,,ethereum/contracts/Messages.sol:116 || ethereum/contracts/Messages.sol:117 || ethereum/contracts/Messages.sol:119 || ethereum/forge-test/Messages.t.sol:77 || ethereum/forge-test/Messages.t.sol:94 || ethereum/forge-test/Messages.t.sol:102 || ethereum/forge-test/Messages.t.sol:108 || ethereum/forge-test/Messages.t.sol:120 || ethereum/forge-test/MessagesRV.t.sol:62 || ethereum/forge-test/MessagesRV.t.sol:95 || ethereum/forge-test/MessagesRV.t.sol:156
sunswap-finance/frontend-dex,https://github.com/sunswap-finance/frontend-dex,,,,,,,,,,,
across-protocol/contracts-v2,https://github.com/across-protocol/contracts-v2,,test/fixtures/SpokePool.Fixture.ts:374,,,,,,,,,contracts/SpokePool.sol:1082 || contracts/SpokePool.sol:1083
babyswap/baby-swap-contract,https://github.com/babyswap/baby-swap-contract,,,,,,,,,,,contracts/farm/SyrupBar.sol:143 || contracts/luckybaby/ScratchOffTickets.sol:70 || contracts/nft/NFTMarket.sol:672 || contracts/nft/NFTMarket.sol:691 || contracts/token/BabyERC20.sol:92 || contracts/token/BabyToken.sol:123
Unknown,Unknown,,
magpiexyz/DefiLlama-Adapters,https://github.com/magpiexyz/DefiLlama-Adapters,,,,,,,,,,,
Unknown,Unknown,,
defisaver/defisaver-v3-contracts,https://github.com/defisaver/defisaver-v3-contracts,,,,,,,,,,,
BoggedFinance/web3-onboard-walletconnect,https://github.com/BoggedFinance/web3-onboard-walletconnect,,dist/index.js:206 || dist/index.js:208 || src/index.ts:209 || src/index.ts:211,dist/index.js:201 || src/index.ts:203,dist/index.js:196 || src/index.ts:197,,,,dist/index.js:203 || src/index.ts:205,dist/index.js:201 || src/index.ts:203,dist/index.js:196 || src/index.ts:197,
AlphaFinanceLab/alpha-lending-smart-contract,https://github.com/AlphaFinanceLab/alpha-lending-smart-contract,,,,,,,,,,,
babydogecoingg/babydoge_swap,https://github.com/babydogecoingg/babydoge_swap,,src/hooks/useERC20Permit.ts:223,,,,,,,,,
StakeDAO/stablecoin-rewards-aragon-app,https://github.com/StakeDAO/stablecoin-rewards-aragon-app,,,,,,,,,,,
bancorprotocol/carbon-contracts,https://github.com/bancorprotocol/carbon-contracts,,utils/Permit.ts:5 || utils/Permit.ts:5 || utils/Permit.ts:35 || utils/Permit.ts:71 || utils/Permit.ts:74,,,,,,,,,
crypto-com/defi-wallet-core-rs,https://github.com/crypto-com/defi-wallet-core-rs,,example/extension-example/test.js:413 || example/extension-example/test.js:421 || example/extension-example/test.js:425 || example/extension-example/test.js:429 || example/extension-example/test.js:433 || example/extension-example/test.js:458 || example/js-example/index.js:131 || example/js-example/index.js:132 || example/js-example/index.js:175 || example/js-example/index.js:176,example/extension-example/test.js:279 || example/extension-example/test.js:396 || example/extension-example/test.js:399 || example/extension-example/test.js:405 || example/js-example/index.js:93 || example/js-example/index.js:94,example/extension-example/test.js:404 || example/extension-example/test.js:408 || example/extension-example/test.js:408 || example/js-example/index.js:99 || example/js-example/index.js:100,,,,,example/extension-example/test.js:279 || example/extension-example/test.js:396 || example/extension-example/test.js:399 || example/extension-example/test.js:405 || example/js-example/index.js:93 || example/js-example/index.js:94,example/extension-example/test.js:403 || example/extension-example/test.js:404 || example/extension-example/test.js:408 || example/extension-example/test.js:408 || example/js-example/index.js:99 || example/js-example/index.js:100,
mstable/mStable-contracts,https://github.com/mstable/mStable-contracts,,,,,,,,tasks/utils/quest-utils.ts:9 || tasks/utils/quest-utils.ts:15,,,contracts/governance/staking/deps/SignatureVerifier.sol:70
ArrakisFinance/v2-core,https://github.com/ArrakisFinance/v2-core,,,,,,,,,,,
makerdao/multicall,https://github.com/makerdao/multicall.js,,,,,,,,,,,
liquity/dev,https://github.com/liquity/dev,,packages/dev-frontend/src/components/Bonds/context/api.ts:774 || packages/dev-frontend/src/testUtils/DisposableWalletProvider.ts:3 || packages/dev-frontend/src/testUtils/DisposableWalletProvider.ts:3 || packages/dev-frontend/src/testUtils/DisposableWalletProvider.ts:61 || packages/dev-frontend/src/testUtils/DisposableWalletProvider.ts:64 || packages/dev-frontend/src/testUtils/DisposableWalletProvider.ts:67,,,,,,,,,packages/contracts/contracts/LQTY/LQTYToken.sol:257 || packages/contracts/contracts/LUSDToken.sol:189 || packages/contracts/contracts/TestContracts/LUSDTokenTester.sol:64
Not found,Not found,,
CoinTool-App/MetaSafe,https://github.com/CoinTool-App/MetaSafe,,,,,,,,,,,
yearn/yearn,https://github.com/yearn/yearn.fi,,
Aircoin-official/AirCash,https://github.com/Aircoin-official/AirCash,,,,,,,,,,,
1inch/limit-order-protocol,https://github.com/1inch/limit-order-protocol,,test/helpers/eip712.js:44 || test/helpers/orderUtils.js:259,,,,,,,,,
renproject/darknode-sol,https://github.com/renproject/darknode-sol,,,,,,,,,,,
wormhole-foundation/wormhole-scaffolding,https://github.com/wormhole-foundation/wormhole-scaffolding,,,,,,,,,,,
Unknown,Unknown,,
ram-protocol/DefiLlama-Adapters,https://github.com/ram-protocol/DefiLlama-Adapters,,,,,,,,,,,
thundercore/thunder_bridge,https://github.com/thundercore/thunder_bridge,,,contracts/test/helpers/helpers.js:19 || ui/lib/web3-eth/index.js:320,,,,,,contracts/test/helpers/helpers.js:8 || contracts/test/helpers/helpers.js:19 || ui/lib/web3-eth/index.js:320,,contracts/contracts/libraries/Message.sol:65 || contracts/contracts/libraries/Message.sol:88
NemesisDao/Contracts,https://github.com/NemesisDao/Contracts,,,,,,,,,,,NemesisDepository(LP).sol:456 || NemesisDepository.sol:456 || NemesisERC20Token.sol:803 || sNMS.sol:929
larvalabs/cryptopunksmarket,https://github.com/larvalabs/cryptopunksmarket,,js/cryptopunks.js:725,js/web3-1.6.1.min.js:10 || js/web3-1.6.1.min.js:47,js/cryptopunks.js:710 || js/web3-1.6.1.min.js:22,,,,js/cryptopunks.js:703,js/web3-1.6.1.min.js:10 || js/web3-1.6.1.min.js:47,js/cryptopunks.js:710 || js/web3-1.6.1.min.js:22,
foundation/foundation-sites,https://github.com/foundation/foundation-sites,,,,,,,,,,,
Unknown,Unknown,,
across-protocol/contracts-v2,https://github.com/across-protocol/contracts-v2,,test/fixtures/SpokePool.Fixture.ts:374,,,,,,,,,contracts/SpokePool.sol:1082 || contracts/SpokePool.sol:1083
across-protocol/frontend-v2",https://github.com/across-protocol/frontend-v2",,
upbots/superbots_sc,https://github.com/upbots/superbots_sc,,,,,,,,,,,
superrare/rarest-token,https://github.com/superrare/rarest-token,,,,,,,,,,,contracts/erc20/SuperRareToken.sol:87
element-market/element-js-sdk,https://github.com/element-market/element-js-sdk,,src/element/batchSignedOrder/batchSignedOrderManager.ts:144 || src/element/order/orderManager.ts:205 || src/signer/Web3Signer.ts:38 || src/signer/Web3Signer.ts:41 || src/signer/Web3Signer.ts:42 || src/signer/Web3Signer.ts:45 || src/signer/Web3Signer.ts:49,,,,,,,,,
objkt-com/tezex,https://github.com/objkt-com/tezex,,,,,,,,,,,
thefortube/bond,https://github.com/thefortube/bond,,,,,,,,,,,contracts/ACL.sol:130
crypto-com/chain-desktop-wallet,https://github.com/crypto-com/chain-desktop-wallet,,electron/IpcMain.ts:213 || electron/IpcMain.ts:216 || electron/IpcMain.ts:220 || electron/IpcMain.ts:227 || electron/LedgerEthSigner.ts:214 || src/pages/dapp/browser/preload.js:363 || src/pages/dapp/browser/preload.js:364 || src/pages/dapp/browser/preload.js:365 || src/pages/dapp/browser/preload.js:366 || src/pages/dapp/browser/preload.js:367 || src/pages/dapp/browser/preload.js:454 || src/pages/dapp/browser/useIPCProvider.ts:297 || src/pages/walletconnect/provider.ts:44 || src/service/signers/EvmTransactionSigner.ts:4 || src/service/signers/EvmTransactionSigner.ts:168 || src/service/signers/EvmTransactionSigner.ts:177 || src/service/signers/EvmTransactionSigner.ts:181 || src/service/signers/IpcRender.ts:208 || src/service/signers/IpcRender.ts:209 || src/service/signers/IpcRender.ts:211 || src/service/signers/LedgerWalletSignerProviderNative.ts:86 || src/service/signers/LedgerWalletSignerProviderNative.ts:87 || src/service/signers/LedgerWalletSignerProviderWebusb.ts:85 || src/service/signers/SignerProvider.ts:27 || src/service/walletconnect/types.ts:7 || src/service/walletconnect/types.ts:7 || src/service/walletconnect/types.ts:11 || src/service/walletconnect/types.ts:11 || src/service/walletconnect/types.ts:58 || src/service/walletconnect/types.ts:59 || src/service/walletconnect/types.ts:77 || src/service/walletconnect/types.ts:78 || src/service/walletconnect/useWalletConnect.ts:190 || src/service/walletconnect/useWalletConnect.ts:224 || tests/src/test.ts:245,src/pages/dapp/browser/preload.js:357 || src/pages/dapp/browser/preload.js:358 || src/pages/dapp/browser/preload.js:425 || src/service/walletconnect/types.ts:7 || src/service/walletconnect/types.ts:38 || src/service/walletconnect/useWalletConnect.ts:186,src/pages/dapp/browser/preload.js:359 || src/pages/dapp/browser/preload.js:360 || src/pages/dapp/browser/preload.js:435 || src/service/walletconnect/types.ts:7 || src/service/walletconnect/types.ts:31 || src/service/walletconnect/useWalletConnect.ts:183,,,src/service/signers/EvmTransactionSigner.ts:4 || src/service/signers/EvmTransactionSigner.ts:181,electron/IpcMain.ts:77 || electron/IpcMain.ts:87 || electron/IpcMain.ts:94 || src/pages/dapp/browser/preload.js:431 || src/pages/dapp/browser/useIPCProvider.ts:399 || src/pages/dapp/types.ts:27 || src/pages/dapp/types.ts:102 || src/pages/walletconnect/provider.ts:29 || src/service/signers/EvmTransactionSigner.ts:164 || src/service/signers/IpcRender.ts:84 || src/service/walletconnect/useWalletConnect.ts:187,src/pages/dapp/browser/preload.js:357 || src/pages/dapp/browser/preload.js:358 || src/pages/dapp/browser/preload.js:425 || src/service/walletconnect/types.ts:7 || src/service/walletconnect/types.ts:38 || src/service/walletconnect/useWalletConnect.ts:186,src/pages/dapp/browser/preload.js:359 || src/pages/dapp/browser/preload.js:360 || src/pages/dapp/browser/preload.js:435 || src/service/walletconnect/types.ts:7 || src/service/walletconnect/types.ts:31 || src/service/walletconnect/useWalletConnect.ts:183,
juster-finance/juster-sdk,https://github.com/juster-finance/juster-sdk,,,,,,,,,,,
LocalCoinSwap/ethereum-token-contracts,https://github.com/LocalCoinSwap/ethereum-token-contracts,,,,,,,,,,,contracts/dai/Dai.sol:187 || contracts/localcoinswap/EthereumEscrow.sol:445 || contracts/localcoinswap/TokenEscrow.sol:397 || contracts/usdc/Usdc.sol:1442 || contracts/usdc/Usdc.sol:1472 || contracts/usdc/Usdc.sol:1475 || contracts/usdc/Usdc.sol:1492 || contracts/usdc/Usdc.sol:1505 || contracts/usdc/Usdc.sol:1509 || contracts/usdc/Usdc.sol:1513 || contracts/usdc/Usdc.sol:1514 || contracts/usdc/Usdc.sol:1604
SvetlinPav/CoinMoon,https://github.com/SvetlinPav/CoinMoon,,,,,,,,,,,
ensdomains/ens-contracts,https://github.com/ensdomains/ens-contracts,,,,,,,,,,,
portto/blocto-sdk,https://github.com/portto/blocto-sdk,,examples/with-evm-rainbowkit-custom-authentication/src/App.js:4 || examples/with-evm-rainbowkit-custom-authentication/src/App.js:4 || examples/with-evm-rainbowkit-custom-authentication/src/App.js:16 || examples/with-evm-rainbowkit-custom-authentication/src/components/SignTypedData.js:1 || examples/with-evm-rainbowkit-custom-authentication/src/components/SignTypedData.js:3 || examples/with-evm-rainbowkit-custom-authentication/src/components/SignTypedData.js:9 || examples/with-evm-rainbowkit-custom-authentication/src/components/SignTypedData.js:10 || examples/with-evm-rainbowkit-custom-authentication/src/components/SignTypedData.js:46 || examples/with-evm-rainbowkit-custom-authentication/src/components/SignTypedData.js:63 || examples/with-evm-rainbowkit/src/App.js:8 || examples/with-evm-rainbowkit/src/App.js:8 || examples/with-evm-rainbowkit/src/App.js:23 || examples/with-evm-rainbowkit/src/components/SignTypedData.js:1 || examples/with-evm-rainbowkit/src/components/SignTypedData.js:3 || examples/with-evm-rainbowkit/src/components/SignTypedData.js:9 || examples/with-evm-rainbowkit/src/components/SignTypedData.js:10 || examples/with-evm-rainbowkit/src/components/SignTypedData.js:46 || examples/with-evm-rainbowkit/src/components/SignTypedData.js:63 || examples/with-evm-web3onboard/src/App.js:6 || examples/with-evm-web3onboard/src/App.js:6 || examples/with-evm-web3onboard/src/App.js:37 || examples/with-evm-web3onboard/src/component/SignTypedData.js:55 || examples/with-evm-web3onboard/src/component/SignTypedData.js:62 || examples/with-evm-web3onboard/src/component/SignTypedData.js:66 || examples/with-evm-web3onboard/src/component/SignTypedData.js:78 || examples/with-evm-web3onboard/src/component/SignTypedData.js:89 || packages/blocto-sdk/src/__tests__/index.test.js:128 || packages/blocto-sdk/src/__tests__/index.test.js:142 || packages/blocto-sdk/src/__tests__/index.test.js:150 || packages/blocto-sdk/src/providers/ethereum.ts:383 || packages/blocto-sdk/src/providers/ethereum.ts:384 || packages/blocto-sdk/src/providers/ethereum.ts:385 || packages/blocto-sdk/src/providers/ethereum.ts:662 || packages/blocto-sdk/src/providers/ethereum.ts:663 || packages/blocto-sdk/src/providers/ethereum.ts:664,packages/blocto-sdk/src/providers/ethereum.ts:387 || packages/blocto-sdk/src/providers/ethereum.ts:652,packages/blocto-sdk/src/__tests__/index.test.js:108 || packages/blocto-sdk/src/__tests__/index.test.js:109 || packages/blocto-sdk/src/__tests__/index.test.js:112 || packages/blocto-sdk/src/__tests__/index.test.js:121 || packages/blocto-sdk/src/providers/ethereum.ts:386 || packages/blocto-sdk/src/providers/ethereum.ts:656,,,,adapters/aptos-wallet-adapter-plugin/src/__tests__/index.test.ts:40 || adapters/aptos-wallet-adapter-plugin/src/__tests__/index.test.ts:41 || adapters/aptos-wallet-adapter-plugin/src/index.ts:112 || adapters/aptos-wallet-adapter-plugin/src/index.ts:114 || adapters/aptos-wallet-adapter-plugin/src/index.ts:116 || examples/with-aptos-blocto-sign/src/App.js:31 || examples/with-evm-rainbowkit-custom-authentication/src/App.js:3 || examples/with-evm-rainbowkit-custom-authentication/src/App.js:3 || examples/with-evm-rainbowkit-custom-authentication/src/App.js:15 || examples/with-evm-rainbowkit-custom-authentication/src/components/SignMessage.js:3 || examples/with-evm-rainbowkit-custom-authentication/src/components/SignMessage.js:8 || examples/with-evm-rainbowkit-custom-authentication/src/components/SignMessage.js:16 || examples/with-evm-rainbowkit-custom-authentication/src/components/SignMessage.js:33 || examples/with-evm-rainbowkit/src/App.js:7 || examples/with-evm-rainbowkit/src/App.js:7 || examples/with-evm-rainbowkit/src/App.js:22 || examples/with-evm-rainbowkit/src/components/SignMessage.js:3 || examples/with-evm-rainbowkit/src/components/SignMessage.js:8 || examples/with-evm-rainbowkit/src/components/SignMessage.js:16 || examples/with-evm-rainbowkit/src/components/SignMessage.js:33 || examples/with-evm-web3onboard/src/App.js:5 || examples/with-evm-web3onboard/src/App.js:5 || examples/with-evm-web3onboard/src/App.js:36 || examples/with-evm-web3onboard/src/component/SignMessage.js:3 || examples/with-evm-web3onboard/src/component/SignMessage.js:11 || examples/with-evm-web3onboard/src/component/SignMessage.js:35 || packages/blocto-sdk/src/providers/aptos.ts:218 || packages/blocto-sdk/src/providers/aptos.ts:224 || packages/blocto-sdk/src/providers/types/aptos.d.ts:61,packages/blocto-sdk/src/providers/ethereum.ts:387 || packages/blocto-sdk/src/providers/ethereum.ts:652,examples/with-evm-blocto-sign/src/App.js:29 || packages/blocto-sdk/src/__tests__/index.test.js:108 || packages/blocto-sdk/src/__tests__/index.test.js:109 || packages/blocto-sdk/src/__tests__/index.test.js:112 || packages/blocto-sdk/src/__tests__/index.test.js:121 || packages/blocto-sdk/src/providers/ethereum.ts:386 || packages/blocto-sdk/src/providers/ethereum.ts:656,
Badger-Finance/digg-core,https://github.com/Badger-Finance/digg-core,,,,,,,,,,,
LocalCryptos/eth-phishing-detect,https://github.com/LocalCryptos/eth-phishing-detect,,,,,,,,,,,
1inch/limit-order-protocol,https://github.com/1inch/limit-order-protocol,,test/helpers/eip712.js:44 || test/helpers/orderUtils.js:259,,,,,,,,,
1inch/limit-order-protocol,https://github.com/1inch/limit-order-protocol,,test/helpers/eip712.js:44 || test/helpers/orderUtils.js:259,,,,,,,,,
Unknown,Unknown,,
Switcheo/carbon-js-sdk,https://github.com/Switcheo/carbon-js-sdk,,src/provider/metamask/MetaMask.ts:762,,src/provider/metamask/MetaMask.ts:736,,,,src/clients/ETHClient.ts:439 || src/provider/account/EthLedgerAccount/EthLedgerSigner.ts:54 || src/provider/ledger/ledger.ts:243 || src/provider/ledger/ledger.ts:246 || src/provider/o3/O3Wallet.ts:43,,src/provider/metamask/MetaMask.ts:736,
iguverse/contracts,https://github.com/iguverse/contracts,,test/LootBox.ts:91 || test/LootBox.ts:159 || test/distributor.ts:64 || test/iguBooster.ts:68 || test/iguBooster.ts:120 || test/iguBooster.ts:217 || test/iguWallet.ts:76 || test/igupToken.ts:54 || test/iguverse.ts:98,,,,,,,,,
openocean-finance/limit-order-protocol-v2,https://github.com/openocean-finance/limit-order-protocol-v2,,,,,,,,scripts/invoke.js:49 || test/LimitOrderProtocol.js:215,,,
howeguo/Token-BulkSender,https://github.com/howeguo/Token-BulkSender,,,,,,,,,,,
candlegenie/ecosystem-projects,https://github.com/candlegenie/ecosystem-projects,,,,,,,,,,,
Unknown,Unknown,,
Unknown,Unknown,,
Solo-Top/solo-contract,https://github.com/Solo-Top/solo-contract,,,,,,,,,,,
renproject/darknode-sol,https://github.com/renproject/darknode-sol,,,,,,,,,,,
element-market/element-js-sdk,https://github.com/element-market/element-js-sdk,,src/element/batchSignedOrder/batchSignedOrderManager.ts:144 || src/element/order/orderManager.ts:205 || src/signer/Web3Signer.ts:38 || src/signer/Web3Signer.ts:41 || src/signer/Web3Signer.ts:42 || src/signer/Web3Signer.ts:45 || src/signer/Web3Signer.ts:49,,,,,,,,,
planet-nine-app/planet-nine-visualizer,https://github.com/planet-nine-app/planet-nine-visualizer,,,,,,,,,,,
QuickSwap/interface-v2,https://github.com/QuickSwap/interface-v2,,src/hooks/v3/useERC20Permit.ts:228,,,,,,,,,
PRDTfinance/DefiLlama-Adapters,https://github.com/PRDTfinance/DefiLlama-Adapters,,,,,,,,,,,
thundercore/referral-solidity,https://github.com/thundercore/referral-solidity,,,,,,,,,,,
bnb-chain/bsc-genesis-contract,https://github.com/bnb-chain/bsc-genesis-contract,,,,,,,,,,,
PRDTfinance/DefiLlama-Adapters,https://github.com/PRDTfinance/DefiLlama-Adapters,,,,,,,,,,,
maticnetwork/contracts,https://github.com/maticnetwork/contracts,,,test/units/staking/DrainStakeManager.test.js:139,,,,,,test/units/staking/DrainStakeManager.test.js:139,,contracts/child/ChildToken.sol:74 || contracts/child/ChildToken.sol:75 || contracts/child/ChildToken.sol:76 || contracts/common/gnosis/GnosisSafe.sol:552 || contracts/common/gnosis/GnosisSafe.sol:911 || contracts/common/gnosis/GnosisSafe.sol:912 || contracts/common/gnosis/GnosisSafe.sol:914 || contracts/common/gnosis/GnosisSafe.sol:915 || contracts/common/lib/ECVerify.sol:34 || contracts/common/lib/ECVerify.sol:36 || contracts/common/lib/ECVerify.sol:71 || contracts/common/lib/ECVerify.sol:73 || contracts/common/lib/ECVerify.sol:85 || contracts/common/lib/ECVerify.sol:87 || contracts/root/predicates/IPredicate.sol:93
nerve-finance/contracts,https://github.com/nerve-finance/contracts,,,,,,,,,,,NerveToken.sol:128
arken-lab/ecosystem-projects,https://github.com/arken-lab/ecosystem-projects,,,,,,,,,,,
Nwosu-Ihueze/NFTLoan,https://github.com/Nwosu-Ihueze/NFTLoan,,,,,,,,,,,
bnb-chain/bsc-genesis-contract,https://github.com/bnb-chain/bsc-genesis-contract,,,,,,,,,,,
okex,https://github.com/okex,,
Uniswap/v1-contracts,"https://github.com/Uniswap/v1-contracts,,,,,,,,,,,
Uniswap/v1-interface ",https://github.com/Uniswap/v1-interface ",,
symbiosis-finance/core-contracts,https://github.com/symbiosis-finance/core-contracts,,,,,,,,,,,
ram-protocol/DefiLlama-Adapters,https://github.com/ram-protocol/DefiLlama-Adapters,,,,,,,,,,,