https://github.com/aave/protocol-v2,contracts/protocol/tokenization/AToken.sol:357
https://github.com/alpaca-finance/bsc-alpaca-contract,solidity/contracts/5/apis/pancake/PancakeERC20.sol:110 || solidity/contracts/5/protocol/apis/biswap/BiswapFactory.sol:203 || solidity/contracts/5/protocol/apis/biswap/BiswapPair.sol:180 || solidity/contracts/5/protocol/apis/mdex/MdexFactory.sol:722 || solidity/contracts/5/protocol/apis/wault/WaultSwapFactory.sol:287 || solidity/contracts/6.12/protocol/apis/biswap/BSWToken.sol:1133 || solidity/contracts/6.12/protocol/apis/biswap/BiswapMasterChef.sol:1216 || solidity/contracts/6/protocol/apis/mdex/MdxToken.sol:866 || solidity/contracts/6/protocol/apis/pancake/PancakeMasterChef.sol:1063 || solidity/contracts/6/protocol/apis/pancake/PancakeMasterChef.sol:1327 || solidity/contracts/6/protocol/apis/spooky/SpookyToken.sol:119 || solidity/contracts/6/protocol/apis/sushi/MasterChef.sol:1275 || solidity/contracts/6/token/AlpacaToken.sol:245
https://github.com/biswap-org/core,contracts/BiswapERC20.sol:90
https://github.com/maticnetwork/contracts,contracts/child/ChildToken.sol:74 || contracts/child/ChildToken.sol:75 || contracts/child/ChildToken.sol:76 || contracts/common/gnosis/GnosisSafe.sol:552 || contracts/common/gnosis/GnosisSafe.sol:911 || contracts/common/gnosis/GnosisSafe.sol:912 || contracts/common/gnosis/GnosisSafe.sol:914 || contracts/common/gnosis/GnosisSafe.sol:915 || contracts/common/lib/ECVerify.sol:34 || contracts/common/lib/ECVerify.sol:36 || contracts/common/lib/ECVerify.sol:71 || contracts/common/lib/ECVerify.sol:73 || contracts/common/lib/ECVerify.sol:85 || contracts/common/lib/ECVerify.sol:87 || contracts/root/predicates/IPredicate.sol:93
https://github.com/dydxprotocol/solo,contracts/external/lib/TypedSignature.sol:113
https://github.com/consenlabs/tokenlon-mmsk,contracts/MarketMakerProxy.sol:27 || contracts/MarketMakerProxy.sol:43
https://github.com/balancer/balancer-v2-monorepo,pkg/solidity-utils/contracts/helpers/EOASignaturesValidator.sol:80 || pkg/solidity-utils/contracts/helpers/EOASignaturesValidator.sol:88 || pkg/solidity-utils/contracts/helpers/EOASignaturesValidator.sol:90
https://github.com/ApeSwapFinance/apeswap-swap-core,contracts/ApeERC20.sol:100
https://github.com/wormhole-foundation/wormhole,ethereum/contracts/Messages.sol:116 || ethereum/contracts/Messages.sol:117 || ethereum/contracts/Messages.sol:119 || ethereum/forge-test/Messages.t.sol:77 || ethereum/forge-test/Messages.t.sol:94 || ethereum/forge-test/Messages.t.sol:102 || ethereum/forge-test/Messages.t.sol:108 || ethereum/forge-test/Messages.t.sol:120 || ethereum/forge-test/MessagesRV.t.sol:62 || ethereum/forge-test/MessagesRV.t.sol:95 || ethereum/forge-test/MessagesRV.t.sol:156
https://github.com/across-protocol/contracts-v2,contracts/SpokePool.sol:1082 || contracts/SpokePool.sol:1083
https://github.com/babyswap/baby-swap-contract,contracts/farm/SyrupBar.sol:143 || contracts/luckybaby/ScratchOffTickets.sol:70 || contracts/nft/NFTMarket.sol:672 || contracts/nft/NFTMarket.sol:691 || contracts/token/BabyERC20.sol:92 || contracts/token/BabyToken.sol:123
https://github.com/mstable/mStable-contracts,contracts/governance/staking/deps/SignatureVerifier.sol:70
https://github.com/liquity/dev,packages/contracts/contracts/LQTY/LQTYToken.sol:257 || packages/contracts/contracts/LUSDToken.sol:189 || packages/contracts/contracts/TestContracts/LUSDTokenTester.sol:64
https://github.com/thundercore/thunder_bridge,contracts/contracts/libraries/Message.sol:65 || contracts/contracts/libraries/Message.sol:88
https://github.com/NemesisDao/Contracts,NemesisDepository(LP).sol:456 || NemesisDepository.sol:456 || NemesisERC20Token.sol:803 || sNMS.sol:929
https://github.com/across-protocol/contracts-v2,contracts/SpokePool.sol:1082 || contracts/SpokePool.sol:1083
https://github.com/superrare/rarest-token,contracts/erc20/SuperRareToken.sol:87
https://github.com/thefortube/bond,contracts/ACL.sol:130
https://github.com/LocalCoinSwap/ethereum-token-contracts,contracts/dai/Dai.sol:187 || contracts/localcoinswap/EthereumEscrow.sol:445 || contracts/localcoinswap/TokenEscrow.sol:397 || contracts/usdc/Usdc.sol:1442 || contracts/usdc/Usdc.sol:1472 || contracts/usdc/Usdc.sol:1475 || contracts/usdc/Usdc.sol:1492 || contracts/usdc/Usdc.sol:1505 || contracts/usdc/Usdc.sol:1509 || contracts/usdc/Usdc.sol:1513 || contracts/usdc/Usdc.sol:1514 || contracts/usdc/Usdc.sol:1604
https://github.com/maticnetwork/contracts,contracts/child/ChildToken.sol:74 || contracts/child/ChildToken.sol:75 || contracts/child/ChildToken.sol:76 || contracts/common/gnosis/GnosisSafe.sol:552 || contracts/common/gnosis/GnosisSafe.sol:911 || contracts/common/gnosis/GnosisSafe.sol:912 || contracts/common/gnosis/GnosisSafe.sol:914 || contracts/common/gnosis/GnosisSafe.sol:915 || contracts/common/lib/ECVerify.sol:34 || contracts/common/lib/ECVerify.sol:36 || contracts/common/lib/ECVerify.sol:71 || contracts/common/lib/ECVerify.sol:73 || contracts/common/lib/ECVerify.sol:85 || contracts/common/lib/ECVerify.sol:87 || contracts/root/predicates/IPredicate.sol:93
https://github.com/nerve-finance/contracts,NerveToken.sol:128
