infinitycasino/infinitycasino,https://github.com/infinitycasino/infinitycasino,,,docs/js/web3.min.js:2,docs/js/web3.min.js:2,,,,,docs/js/web3.min.js:2,docs/js/web3.min.js:2,contracts/usingOraclize.sol:975
gpmn/socelec,https://github.com/gpmn/socelec,,,,,,,,,,,
StormKip/TRXED_Keno,https://github.com/StormKip/TRXED_Keno,,,,,,,,,,,
rene78/Heads-Or-Tails,https://github.com/rene78/Heads-Or-Tails,,,js/ethers-v4_0_39.min.js:1 || js/ethers-v4_0_39.min.js:1,js/ethers-v4_0_39.min.js:1,,,,js/ethers-v4_0_39.min.js:1 || js/ethers-v4_0_39.min.js:1 || js/ethers-v4_0_39.min.js:1 || js/ethers-v4_0_39.min.js:1,js/ethers-v4_0_39.min.js:1 || js/ethers-v4_0_39.min.js:1,js/ethers-v4_0_39.min.js:1,
carlosfebres/coin-gambling-dapp,https://github.com/carlosfebres/coin-gambling-dapp,,,,,,,,,,,
JaredBorders/2X,https://github.com/JaredBorders/2X,,,,,,,,,,,
rotcivegaf/eth-gambling-dapp,https://github.com/rotcivegaf/eth-gambling-dapp,,,,,,,,,,,
awphi/glass-casino,https://github.com/awphi/glass-casino,,,,,,,,,,,
aion-kimcodeashian/aion-roulette,https://github.com/aion-kimcodeashian/aion-roulette,,,build.js:11560 || build.js:11561 || build.js:45877 || build.js:71958,build.js:31784 || build.js:45877,,,,,build.js:11560 || build.js:11561 || build.js:45877 || build.js:71958,build.js:31784 || build.js:45877,
arkhaminferno/FunFlip-FrontEnd,https://github.com/arkhaminferno/FunFlip-FrontEnd,,,,,,,,,,,
saoirse-defi/FlipCoinDapp,https://github.com/saoirse-defi/FlipCoinDapp,,,web3.min.js:1 || web3.min.js:1,web3.min.js:1,,,,,web3.min.js:1 || web3.min.js:1,web3.min.js:1,
ee92/pepe-flip,https://github.com/ee92/pepe-flip,,,,,,,,,,,
talha-atta/gamblingDAPP,https://github.com/talha-atta/gamblingDAPP,,,,,,,,,,,
gorgos/Highstakes-SmartRoulette,https://github.com/gorgos/Highstakes-SmartRoulette,,,,,,,,,,,
Peacanduck/CoinFlipPOC,https://github.com/Peacanduck/CoinFlipPOC,,,flip-dapp/web3.min.js:1 || flip-dapp/web3.min.js:1,flip-dapp/web3.min.js:1,,,,,flip-dapp/web3.min.js:1 || flip-dapp/web3.min.js:1,flip-dapp/web3.min.js:1,contracts/provableAPI.sol:1267
DeGatchi/CoinToss,https://github.com/DeGatchi/CoinToss,,,web3.min.js:1 || web3.min.js:1,web3.min.js:1,,,,,web3.min.js:1 || web3.min.js:1,web3.min.js:1,
rudreshsolanki97/matka-dapp,https://github.com/rudreshsolanki97/matka-dapp,,,frontend/build/static/js/2.846b3f70.chunk.js:2 || frontend/build/static/js/2.846b3f70.chunk.js:2,frontend/build/static/js/2.846b3f70.chunk.js:2,,,,,frontend/build/static/js/2.846b3f70.chunk.js:2 || frontend/build/static/js/2.846b3f70.chunk.js:2,frontend/build/static/js/2.846b3f70.chunk.js:2,
t1nyTi/GambleDapp_Angular,https://github.com/t1nyTi/GambleDapp_Angular,,,,src/app/shared/services/metamask/metamask.service.ts:62,,,,,,src/app/shared/services/metamask/metamask.service.ts:62,
sotomaque/coin-flip-dapp,https://github.com/sotomaque/coin-flip-dapp,,,,,,,,,,,truffle/node_modules/@openzeppelin/contracts/utils/cryptography/ECDSA.sol:16 || truffle/node_modules/@openzeppelin/contracts/utils/cryptography/ECDSA.sol:37 || truffle/node_modules/@openzeppelin/contracts/utils/cryptography/ECDSA.sol:54 || truffle/node_modules/@openzeppelin/contracts/utils/cryptography/ECDSA.sol:67
otakamrlw/gambling_dapp,https://github.com/otakamrlw/gambling_dapp,,,,,,,,zeppelin-solidity/test/helpers/sign.js:22 || zeppelin-solidity/test/helpers/sign.js:72 || zeppelin-solidity/test/helpers/sign.js:77 || zeppelin-solidity/test/library/ECRecovery.test.js:1 || zeppelin-solidity/test/library/ECRecovery.test.js:39 || zeppelin-solidity/test/library/ECRecovery.test.js:51 || zeppelin-solidity/test/library/ECRecovery.test.js:60,zeppelin-solidity/test/helpers/sign.js:23 || zeppelin-solidity/test/library/ECRecovery.test.js:18 || zeppelin-solidity/test/library/ECRecovery.test.js:28 || zeppelin-solidity/test/library/ECRecovery.test.js:37 || zeppelin-solidity/test/library/ECRecovery.test.js:49,,zeppelin-solidity/contracts/ECRecovery.sol:7 || zeppelin-solidity/contracts/ECRecovery.sol:33 || zeppelin-solidity/contracts/ECRecovery.sol:52
Aroon4020/Gambling-Dapp,https://github.com/Aroon4020/Gambling-Dapp,,,,,,,,,,,
MrLaki5/Deathroll-dapp,https://github.com/MrLaki5/Deathroll-dapp,,,,,,,,,,,
ramyzhang/ethereum-gambling,https://github.com/ramyzhang/ethereum-gambling,,,casino-ethereum/dist/build.js:33677,casino-ethereum/dist/build.js:35428,,,,,casino-ethereum/dist/build.js:33677,casino-ethereum/dist/build.js:35428,
Vidallia/fifty,https://github.com/Vidallia/fifty,,
arkhaminferno/FunFLip-Backend-Solidity,https://github.com/arkhaminferno/FunFLip-Backend-Solidity,,,,,,,,,,,
njw1204/dapp-token-gambling,https://github.com/njw1204/dapp-token-gambling,,,,,,,,,,,lib/oraclizeAPI_0.5.sol:1257
AidanJH/Gambling-dApp,https://github.com/AidanJH/Gambling-dApp,,,,,,,,,,,
FAB-Coin/gambling,https://github.com/FAB-Coin/gambling,,,Rohit - Blackjack Game/api/api-web.js:90537 || Rohit - Blackjack Game/api/api-web.js:96516 || Rohit - Blackjack Game/api/api-web.js:96517 || Rohit - Blackjack Game/api/api-web.js:100555,Rohit - Blackjack Game/api/api-web.js:90537 || Rohit - Blackjack Game/api/api-web.js:100115,,,,,Rohit - Blackjack Game/api/api-web.js:90537 || Rohit - Blackjack Game/api/api-web.js:96516 || Rohit - Blackjack Game/api/api-web.js:96517 || Rohit - Blackjack Game/api/api-web.js:100555,Rohit - Blackjack Game/api/api-web.js:90537 || Rohit - Blackjack Game/api/api-web.js:100115,
ShumailSteve/Chainlink_Gambling_Dapp,https://github.com/ShumailSteve/Chainlink_Gambling_Dapp,,,,,,,,,,,
blockchaingate/gambling,https://github.com/blockchaingate/gambling,,,Rohit - Blackjack Game/api/api-web.js:90482 || Rohit - Blackjack Game/api/api-web.js:96461 || Rohit - Blackjack Game/api/api-web.js:96462 || Rohit - Blackjack Game/api/api-web.js:100500,Rohit - Blackjack Game/api/api-web.js:90482 || Rohit - Blackjack Game/api/api-web.js:100060,,,,,Rohit - Blackjack Game/api/api-web.js:90482 || Rohit - Blackjack Game/api/api-web.js:96461 || Rohit - Blackjack Game/api/api-web.js:96462 || Rohit - Blackjack Game/api/api-web.js:100500,Rohit - Blackjack Game/api/api-web.js:90482 || Rohit - Blackjack Game/api/api-web.js:100060,
Sampandu/2018-World-Cup-Gambling-Dapp,https://github.com/Sampandu/2018-World-Cup-Gambling-Dapp,,
chadracelis/Coinflip-Dapp,https://github.com/chadracelis/Coinflip-Dapp,,,,,,,,,,,
NedimRenesalis/eth-based-gambling-VueJS-dAPP,https://github.com/NedimRenesalis/eth-based-gambling-VueJS-dAPP,,,,,,,,,,,
sonicsmith/carrot-in-a-box,https://github.com/sonicsmith/carrot-in-a-box,,,,,,,,,,,
varunv5000/Double-or-Nothing,https://github.com/varunv5000/Double-or-Nothing,,,,,,,,,,,
IMPWNG/ReactDapp-ElectionGamble,https://github.com/IMPWNG/ReactDapp-ElectionGamble,,,,,,,,,,,
urketadic/coinflip,https://github.com/urketadic/coinflip,,,,,,,,,,,
juemrami/high-low-next,https://github.com/juemrami/high-low-next,,,,,,,,,,,
samigabor/flipper-dapp,https://github.com/samigabor/flipper-dapp,,,web3.min.js:1 || web3.min.js:1,web3.min.js:1,,,,,web3.min.js:1 || web3.min.js:1,web3.min.js:1,
BabySquidGameOfficial/BabySquidGame,https://github.com/BabySquidGameOfficial/BabySquidGame,,,,,,,,,,,
BitBet-Games/bitbet-coinflip-contract,https://github.com/BitBet-Games/bitbet-coinflip-contract,,,,,,,,,,,
plasmadlt/plasma-fairdice-contract,https://github.com/plasmadlt/plasma-fairdice-contract,,,,,,,,,,,
buddies2705/dice,https://github.com/buddies2705/dice,,,src/js/web3.min.js:2,src/js/web3.min.js:2,,,,,src/js/web3.min.js:2,src/js/web3.min.js:2,
ThisIsCodeXpert/CodeXpert-Tron-Dice-Game-DApp-Tutorial-Series,https://github.com/ThisIsCodeXpert/CodeXpert-Tron-Dice-Game-DApp-Tutorial-Series,,,CodeXpert-Tron-Dice-Game-DApp-Template/node_modules/ethers/dist/ethers.js:11746 || CodeXpert-Tron-Dice-Game-DApp-Template/node_modules/ethers/dist/ethers.js:11747 || CodeXpert-Tron-Dice-Game-DApp-Template/node_modules/ethers/dist/ethers.js:12027 || CodeXpert-Tron-Dice-Game-DApp-Template/node_modules/ethers/dist/ethers.js:12028 || CodeXpert-Tron-Dice-Game-DApp-Template/node_modules/ethers/dist/ethers.min.js:1 || CodeXpert-Tron-Dice-Game-DApp-Template/node_modules/ethers/dist/ethers.min.js:1 || CodeXpert-Tron-Dice-Game-DApp-Template/node_modules/ethers/providers/json-rpc-provider.js:152 || CodeXpert-Tron-Dice-Game-DApp-Template/node_modules/ethers/providers/json-rpc-provider.js:153 || CodeXpert-Tron-Dice-Game-DApp-Template/node_modules/ethers/providers/web3-provider.js:53 || CodeXpert-Tron-Dice-Game-DApp-Template/node_modules/ethers/providers/web3-provider.js:54 || CodeXpert-Tron-Dice-Game-DApp-Template/node_modules/tronweb/dist/TronWeb.js:10 || CodeXpert-Tron-Dice-Game-DApp-Template/node_modules/tronweb/dist/TronWeb.js:10 || Tutorial-05/node_modules/ethers/dist/ethers.js:11746 || Tutorial-05/node_modules/ethers/dist/ethers.js:11747 || Tutorial-05/node_modules/ethers/dist/ethers.js:12027 || Tutorial-05/node_modules/ethers/dist/ethers.js:12028 || Tutorial-05/node_modules/ethers/dist/ethers.min.js:1 || Tutorial-05/node_modules/ethers/dist/ethers.min.js:1 || Tutorial-05/node_modules/ethers/providers/json-rpc-provider.js:152 || Tutorial-05/node_modules/ethers/providers/json-rpc-provider.js:153 || Tutorial-05/node_modules/ethers/providers/web3-provider.js:53 || Tutorial-05/node_modules/ethers/providers/web3-provider.js:54 || Tutorial-05/node_modules/tronweb/dist/TronWeb.js:10 || Tutorial-05/node_modules/tronweb/dist/TronWeb.js:10 || Tutorial-06/node_modules/ethers/dist/ethers.js:11746 || Tutorial-06/node_modules/ethers/dist/ethers.js:11747 || Tutorial-06/node_modules/ethers/dist/ethers.js:12027 || Tutorial-06/node_modules/ethers/dist/ethers.js:12028 || Tutorial-06/node_modules/ethers/dist/ethers.min.js:1 || Tutorial-06/node_modules/ethers/dist/ethers.min.js:1 || Tutorial-06/node_modules/ethers/providers/json-rpc-provider.js:152 || Tutorial-06/node_modules/ethers/providers/json-rpc-provider.js:153 || Tutorial-06/node_modules/ethers/providers/web3-provider.js:53 || Tutorial-06/node_modules/ethers/providers/web3-provider.js:54 || Tutorial-06/node_modules/tronweb/dist/TronWeb.js:10 || Tutorial-06/node_modules/tronweb/dist/TronWeb.js:10 || Tutorial-07/node_modules/ethers/dist/ethers.js:11746 || Tutorial-07/node_modules/ethers/dist/ethers.js:11747 || Tutorial-07/node_modules/ethers/dist/ethers.js:12027 || Tutorial-07/node_modules/ethers/dist/ethers.js:12028 || Tutorial-07/node_modules/ethers/dist/ethers.min.js:1 || Tutorial-07/node_modules/ethers/dist/ethers.min.js:1 || Tutorial-07/node_modules/ethers/providers/json-rpc-provider.js:152 || Tutorial-07/node_modules/ethers/providers/json-rpc-provider.js:153 || Tutorial-07/node_modules/ethers/providers/web3-provider.js:53 || Tutorial-07/node_modules/ethers/providers/web3-provider.js:54 || Tutorial-07/node_modules/tronweb/dist/TronWeb.js:10 || Tutorial-07/node_modules/tronweb/dist/TronWeb.js:10 || Tutorial-08-and-09/node_modules/ethers/dist/ethers.js:11746 || Tutorial-08-and-09/node_modules/ethers/dist/ethers.js:11747 || Tutorial-08-and-09/node_modules/ethers/dist/ethers.js:12027 || Tutorial-08-and-09/node_modules/ethers/dist/ethers.js:12028 || Tutorial-08-and-09/node_modules/ethers/dist/ethers.min.js:1 || Tutorial-08-and-09/node_modules/ethers/dist/ethers.min.js:1 || Tutorial-08-and-09/node_modules/ethers/providers/json-rpc-provider.js:152 || Tutorial-08-and-09/node_modules/ethers/providers/json-rpc-provider.js:153 || Tutorial-08-and-09/node_modules/ethers/providers/web3-provider.js:53 || Tutorial-08-and-09/node_modules/ethers/providers/web3-provider.js:54 || Tutorial-08-and-09/node_modules/tronweb/dist/TronWeb.js:10 || Tutorial-08-and-09/node_modules/tronweb/dist/TronWeb.js:10,CodeXpert-Tron-Dice-Game-DApp-Template/node_modules/ethers/dist/ethers.js:12029 || CodeXpert-Tron-Dice-Game-DApp-Template/node_modules/ethers/dist/ethers.js:12030 || CodeXpert-Tron-Dice-Game-DApp-Template/node_modules/ethers/dist/ethers.min.js:1 || CodeXpert-Tron-Dice-Game-DApp-Template/node_modules/ethers/providers/web3-provider.js:55 || CodeXpert-Tron-Dice-Game-DApp-Template/node_modules/ethers/providers/web3-provider.js:56 || CodeXpert-Tron-Dice-Game-DApp-Template/node_modules/tronweb/dist/TronWeb.js:10 || Tutorial-05/node_modules/ethers/dist/ethers.js:12029 || Tutorial-05/node_modules/ethers/dist/ethers.js:12030 || Tutorial-05/node_modules/ethers/dist/ethers.min.js:1 || Tutorial-05/node_modules/ethers/providers/web3-provider.js:55 || Tutorial-05/node_modules/ethers/providers/web3-provider.js:56 || Tutorial-05/node_modules/tronweb/dist/TronWeb.js:10 || Tutorial-06/node_modules/ethers/dist/ethers.js:12029 || Tutorial-06/node_modules/ethers/dist/ethers.js:12030 || Tutorial-06/node_modules/ethers/dist/ethers.min.js:1 || Tutorial-06/node_modules/ethers/providers/web3-provider.js:55 || Tutorial-06/node_modules/ethers/providers/web3-provider.js:56 || Tutorial-06/node_modules/tronweb/dist/TronWeb.js:10 || Tutorial-07/node_modules/ethers/dist/ethers.js:12029 || Tutorial-07/node_modules/ethers/dist/ethers.js:12030 || Tutorial-07/node_modules/ethers/dist/ethers.min.js:1 || Tutorial-07/node_modules/ethers/providers/web3-provider.js:55 || Tutorial-07/node_modules/ethers/providers/web3-provider.js:56 || Tutorial-07/node_modules/tronweb/dist/TronWeb.js:10 || Tutorial-08-and-09/node_modules/ethers/dist/ethers.js:12029 || Tutorial-08-and-09/node_modules/ethers/dist/ethers.js:12030 || Tutorial-08-and-09/node_modules/ethers/dist/ethers.min.js:1 || Tutorial-08-and-09/node_modules/ethers/providers/web3-provider.js:55 || Tutorial-08-and-09/node_modules/ethers/providers/web3-provider.js:56 || Tutorial-08-and-09/node_modules/tronweb/dist/TronWeb.js:10,,,,CodeXpert-Tron-Dice-Game-DApp-Template/node_modules/ethers/abstract-signer.d.ts:7 || CodeXpert-Tron-Dice-Game-DApp-Template/node_modules/ethers/contract.d.ts:35 || CodeXpert-Tron-Dice-Game-DApp-Template/node_modules/ethers/contract.js:49 || CodeXpert-Tron-Dice-Game-DApp-Template/node_modules/ethers/contract.js:50 || CodeXpert-Tron-Dice-Game-DApp-Template/node_modules/ethers/dist/ethers.js:97 || CodeXpert-Tron-Dice-Game-DApp-Template/node_modules/ethers/dist/ethers.js:98 || CodeXpert-Tron-Dice-Game-DApp-Template/node_modules/ethers/dist/ethers.js:11742 || CodeXpert-Tron-Dice-Game-DApp-Template/node_modules/ethers/dist/ethers.js:16568 || CodeXpert-Tron-Dice-Game-DApp-Template/node_modules/ethers/dist/ethers.min.js:1 || CodeXpert-Tron-Dice-Game-DApp-Template/node_modules/ethers/dist/ethers.min.js:1 || CodeXpert-Tron-Dice-Game-DApp-Template/node_modules/ethers/dist/ethers.min.js:1 || CodeXpert-Tron-Dice-Game-DApp-Template/node_modules/ethers/dist/ethers.min.js:1 || CodeXpert-Tron-Dice-Game-DApp-Template/node_modules/ethers/providers/json-rpc-provider.d.ts:17 || CodeXpert-Tron-Dice-Game-DApp-Template/node_modules/ethers/providers/json-rpc-provider.js:148 || CodeXpert-Tron-Dice-Game-DApp-Template/node_modules/ethers/wallet.d.ts:24 || CodeXpert-Tron-Dice-Game-DApp-Template/node_modules/ethers/wallet.js:89 || CodeXpert-Tron-Dice-Game-DApp-Template/node_modules/tronweb/dist/TronWeb.js:1 || CodeXpert-Tron-Dice-Game-DApp-Template/node_modules/tronweb/dist/TronWeb.js:1 || CodeXpert-Tron-Dice-Game-DApp-Template/node_modules/tronweb/dist/TronWeb.js:10 || CodeXpert-Tron-Dice-Game-DApp-Template/node_modules/tronweb/dist/TronWeb.js:10 || CodeXpert-Tron-Dice-Game-DApp-Template/node_modules/tronweb/dist/TronWeb.js:27 || CodeXpert-Tron-Dice-Game-DApp-Template/node_modules/tronweb/dist/TronWeb.node.js:1 || CodeXpert-Tron-Dice-Game-DApp-Template/node_modules/tronweb/src/lib/trx.js:935 || Tutorial-05/node_modules/ethers/abstract-signer.d.ts:7 || Tutorial-05/node_modules/ethers/contract.d.ts:35 || Tutorial-05/node_modules/ethers/contract.js:49 || Tutorial-05/node_modules/ethers/contract.js:50 || Tutorial-05/node_modules/ethers/dist/ethers.js:97 || Tutorial-05/node_modules/ethers/dist/ethers.js:98 || Tutorial-05/node_modules/ethers/dist/ethers.js:11742 || Tutorial-05/node_modules/ethers/dist/ethers.js:16568 || Tutorial-05/node_modules/ethers/dist/ethers.min.js:1 || Tutorial-05/node_modules/ethers/dist/ethers.min.js:1 || Tutorial-05/node_modules/ethers/dist/ethers.min.js:1 || Tutorial-05/node_modules/ethers/dist/ethers.min.js:1 || Tutorial-05/node_modules/ethers/providers/json-rpc-provider.d.ts:17 || Tutorial-05/node_modules/ethers/providers/json-rpc-provider.js:148 || Tutorial-05/node_modules/ethers/wallet.d.ts:24 || Tutorial-05/node_modules/ethers/wallet.js:89 || Tutorial-05/node_modules/tronweb/dist/TronWeb.js:1 || Tutorial-05/node_modules/tronweb/dist/TronWeb.js:1 || Tutorial-05/node_modules/tronweb/dist/TronWeb.js:10 || Tutorial-05/node_modules/tronweb/dist/TronWeb.js:10 || Tutorial-05/node_modules/tronweb/dist/TronWeb.js:27 || Tutorial-05/node_modules/tronweb/dist/TronWeb.node.js:1 || Tutorial-05/node_modules/tronweb/src/lib/trx.js:935 || Tutorial-06/node_modules/ethers/abstract-signer.d.ts:7 || Tutorial-06/node_modules/ethers/contract.d.ts:35 || Tutorial-06/node_modules/ethers/contract.js:49 || Tutorial-06/node_modules/ethers/contract.js:50 || Tutorial-06/node_modules/ethers/dist/ethers.js:97 || Tutorial-06/node_modules/ethers/dist/ethers.js:98 || Tutorial-06/node_modules/ethers/dist/ethers.js:11742 || Tutorial-06/node_modules/ethers/dist/ethers.js:16568 || Tutorial-06/node_modules/ethers/dist/ethers.min.js:1 || Tutorial-06/node_modules/ethers/dist/ethers.min.js:1 || Tutorial-06/node_modules/ethers/dist/ethers.min.js:1 || Tutorial-06/node_modules/ethers/dist/ethers.min.js:1 || Tutorial-06/node_modules/ethers/providers/json-rpc-provider.d.ts:17 || Tutorial-06/node_modules/ethers/providers/json-rpc-provider.js:148 || Tutorial-06/node_modules/ethers/wallet.d.ts:24 || Tutorial-06/node_modules/ethers/wallet.js:89 || Tutorial-06/node_modules/tronweb/dist/TronWeb.js:1 || Tutorial-06/node_modules/tronweb/dist/TronWeb.js:1 || Tutorial-06/node_modules/tronweb/dist/TronWeb.js:10 || Tutorial-06/node_modules/tronweb/dist/TronWeb.js:10 || Tutorial-06/node_modules/tronweb/dist/TronWeb.js:27 || Tutorial-06/node_modules/tronweb/dist/TronWeb.node.js:1 || Tutorial-06/node_modules/tronweb/src/lib/trx.js:935 || Tutorial-07/node_modules/ethers/abstract-signer.d.ts:7 || Tutorial-07/node_modules/ethers/contract.d.ts:35 || Tutorial-07/node_modules/ethers/contract.js:49 || Tutorial-07/node_modules/ethers/contract.js:50 || Tutorial-07/node_modules/ethers/dist/ethers.js:97 || Tutorial-07/node_modules/ethers/dist/ethers.js:98 || Tutorial-07/node_modules/ethers/dist/ethers.js:11742 || Tutorial-07/node_modules/ethers/dist/ethers.js:16568 || Tutorial-07/node_modules/ethers/dist/ethers.min.js:1 || Tutorial-07/node_modules/ethers/dist/ethers.min.js:1 || Tutorial-07/node_modules/ethers/dist/ethers.min.js:1 || Tutorial-07/node_modules/ethers/dist/ethers.min.js:1 || Tutorial-07/node_modules/ethers/providers/json-rpc-provider.d.ts:17 || Tutorial-07/node_modules/ethers/providers/json-rpc-provider.js:148 || Tutorial-07/node_modules/ethers/wallet.d.ts:24 || Tutorial-07/node_modules/ethers/wallet.js:89 || Tutorial-07/node_modules/tronweb/dist/TronWeb.js:1 || Tutorial-07/node_modules/tronweb/dist/TronWeb.js:1 || Tutorial-07/node_modules/tronweb/dist/TronWeb.js:10 || Tutorial-07/node_modules/tronweb/dist/TronWeb.js:10 || Tutorial-07/node_modules/tronweb/dist/TronWeb.js:27 || Tutorial-07/node_modules/tronweb/dist/TronWeb.node.js:1 || Tutorial-07/node_modules/tronweb/src/lib/trx.js:935 || Tutorial-08-and-09/node_modules/ethers/abstract-signer.d.ts:7 || Tutorial-08-and-09/node_modules/ethers/contract.d.ts:35 || Tutorial-08-and-09/node_modules/ethers/contract.js:49 || Tutorial-08-and-09/node_modules/ethers/contract.js:50 || Tutorial-08-and-09/node_modules/ethers/dist/ethers.js:97 || Tutorial-08-and-09/node_modules/ethers/dist/ethers.js:98 || Tutorial-08-and-09/node_modules/ethers/dist/ethers.js:11742 || Tutorial-08-and-09/node_modules/ethers/dist/ethers.js:16568 || Tutorial-08-and-09/node_modules/ethers/dist/ethers.min.js:1 || Tutorial-08-and-09/node_modules/ethers/dist/ethers.min.js:1 || Tutorial-08-and-09/node_modules/ethers/dist/ethers.min.js:1 || Tutorial-08-and-09/node_modules/ethers/dist/ethers.min.js:1 || Tutorial-08-and-09/node_modules/ethers/providers/json-rpc-provider.d.ts:17 || Tutorial-08-and-09/node_modules/ethers/providers/json-rpc-provider.js:148 || Tutorial-08-and-09/node_modules/ethers/wallet.d.ts:24 || Tutorial-08-and-09/node_modules/ethers/wallet.js:89 || Tutorial-08-and-09/node_modules/tronweb/dist/TronWeb.js:1 || Tutorial-08-and-09/node_modules/tronweb/dist/TronWeb.js:1 || Tutorial-08-and-09/node_modules/tronweb/dist/TronWeb.js:10 || Tutorial-08-and-09/node_modules/tronweb/dist/TronWeb.js:10 || Tutorial-08-and-09/node_modules/tronweb/dist/TronWeb.js:27 || Tutorial-08-and-09/node_modules/tronweb/dist/TronWeb.node.js:1 || Tutorial-08-and-09/node_modules/tronweb/src/lib/trx.js:935,CodeXpert-Tron-Dice-Game-DApp-Template/node_modules/ethers/dist/ethers.js:11746 || CodeXpert-Tron-Dice-Game-DApp-Template/node_modules/ethers/dist/ethers.js:11747 || CodeXpert-Tron-Dice-Game-DApp-Template/node_modules/ethers/dist/ethers.js:12027 || CodeXpert-Tron-Dice-Game-DApp-Template/node_modules/ethers/dist/ethers.js:12028 || CodeXpert-Tron-Dice-Game-DApp-Template/node_modules/ethers/dist/ethers.min.js:1 || CodeXpert-Tron-Dice-Game-DApp-Template/node_modules/ethers/dist/ethers.min.js:1 || CodeXpert-Tron-Dice-Game-DApp-Template/node_modules/ethers/providers/json-rpc-provider.js:152 || CodeXpert-Tron-Dice-Game-DApp-Template/node_modules/ethers/providers/json-rpc-provider.js:153 || CodeXpert-Tron-Dice-Game-DApp-Template/node_modules/ethers/providers/web3-provider.js:53 || CodeXpert-Tron-Dice-Game-DApp-Template/node_modules/ethers/providers/web3-provider.js:54 || CodeXpert-Tron-Dice-Game-DApp-Template/node_modules/tronweb/dist/TronWeb.js:10 || CodeXpert-Tron-Dice-Game-DApp-Template/node_modules/tronweb/dist/TronWeb.js:10 || Tutorial-05/node_modules/ethers/dist/ethers.js:11746 || Tutorial-05/node_modules/ethers/dist/ethers.js:11747 || Tutorial-05/node_modules/ethers/dist/ethers.js:12027 || Tutorial-05/node_modules/ethers/dist/ethers.js:12028 || Tutorial-05/node_modules/ethers/dist/ethers.min.js:1 || Tutorial-05/node_modules/ethers/dist/ethers.min.js:1 || Tutorial-05/node_modules/ethers/providers/json-rpc-provider.js:152 || Tutorial-05/node_modules/ethers/providers/json-rpc-provider.js:153 || Tutorial-05/node_modules/ethers/providers/web3-provider.js:53 || Tutorial-05/node_modules/ethers/providers/web3-provider.js:54 || Tutorial-05/node_modules/tronweb/dist/TronWeb.js:10 || Tutorial-05/node_modules/tronweb/dist/TronWeb.js:10 || Tutorial-06/node_modules/ethers/dist/ethers.js:11746 || Tutorial-06/node_modules/ethers/dist/ethers.js:11747 || Tutorial-06/node_modules/ethers/dist/ethers.js:12027 || Tutorial-06/node_modules/ethers/dist/ethers.js:12028 || Tutorial-06/node_modules/ethers/dist/ethers.min.js:1 || Tutorial-06/node_modules/ethers/dist/ethers.min.js:1 || Tutorial-06/node_modules/ethers/providers/json-rpc-provider.js:152 || Tutorial-06/node_modules/ethers/providers/json-rpc-provider.js:153 || Tutorial-06/node_modules/ethers/providers/web3-provider.js:53 || Tutorial-06/node_modules/ethers/providers/web3-provider.js:54 || Tutorial-06/node_modules/tronweb/dist/TronWeb.js:10 || Tutorial-06/node_modules/tronweb/dist/TronWeb.js:10 || Tutorial-07/node_modules/ethers/dist/ethers.js:11746 || Tutorial-07/node_modules/ethers/dist/ethers.js:11747 || Tutorial-07/node_modules/ethers/dist/ethers.js:12027 || Tutorial-07/node_modules/ethers/dist/ethers.js:12028 || Tutorial-07/node_modules/ethers/dist/ethers.min.js:1 || Tutorial-07/node_modules/ethers/dist/ethers.min.js:1 || Tutorial-07/node_modules/ethers/providers/json-rpc-provider.js:152 || Tutorial-07/node_modules/ethers/providers/json-rpc-provider.js:153 || Tutorial-07/node_modules/ethers/providers/web3-provider.js:53 || Tutorial-07/node_modules/ethers/providers/web3-provider.js:54 || Tutorial-07/node_modules/tronweb/dist/TronWeb.js:10 || Tutorial-07/node_modules/tronweb/dist/TronWeb.js:10 || Tutorial-08-and-09/node_modules/ethers/dist/ethers.js:11746 || Tutorial-08-and-09/node_modules/ethers/dist/ethers.js:11747 || Tutorial-08-and-09/node_modules/ethers/dist/ethers.js:12027 || Tutorial-08-and-09/node_modules/ethers/dist/ethers.js:12028 || Tutorial-08-and-09/node_modules/ethers/dist/ethers.min.js:1 || Tutorial-08-and-09/node_modules/ethers/dist/ethers.min.js:1 || Tutorial-08-and-09/node_modules/ethers/providers/json-rpc-provider.js:152 || Tutorial-08-and-09/node_modules/ethers/providers/json-rpc-provider.js:153 || Tutorial-08-and-09/node_modules/ethers/providers/web3-provider.js:53 || Tutorial-08-and-09/node_modules/ethers/providers/web3-provider.js:54 || Tutorial-08-and-09/node_modules/tronweb/dist/TronWeb.js:10 || Tutorial-08-and-09/node_modules/tronweb/dist/TronWeb.js:10,CodeXpert-Tron-Dice-Game-DApp-Template/node_modules/ethers/dist/ethers.js:12029 || CodeXpert-Tron-Dice-Game-DApp-Template/node_modules/ethers/dist/ethers.js:12030 || CodeXpert-Tron-Dice-Game-DApp-Template/node_modules/ethers/dist/ethers.min.js:1 || CodeXpert-Tron-Dice-Game-DApp-Template/node_modules/ethers/providers/web3-provider.js:55 || CodeXpert-Tron-Dice-Game-DApp-Template/node_modules/ethers/providers/web3-provider.js:56 || CodeXpert-Tron-Dice-Game-DApp-Template/node_modules/tronweb/dist/TronWeb.js:10 || Tutorial-05/node_modules/ethers/dist/ethers.js:12029 || Tutorial-05/node_modules/ethers/dist/ethers.js:12030 || Tutorial-05/node_modules/ethers/dist/ethers.min.js:1 || Tutorial-05/node_modules/ethers/providers/web3-provider.js:55 || Tutorial-05/node_modules/ethers/providers/web3-provider.js:56 || Tutorial-05/node_modules/tronweb/dist/TronWeb.js:10 || Tutorial-06/node_modules/ethers/dist/ethers.js:12029 || Tutorial-06/node_modules/ethers/dist/ethers.js:12030 || Tutorial-06/node_modules/ethers/dist/ethers.min.js:1 || Tutorial-06/node_modules/ethers/providers/web3-provider.js:55 || Tutorial-06/node_modules/ethers/providers/web3-provider.js:56 || Tutorial-06/node_modules/tronweb/dist/TronWeb.js:10 || Tutorial-07/node_modules/ethers/dist/ethers.js:12029 || Tutorial-07/node_modules/ethers/dist/ethers.js:12030 || Tutorial-07/node_modules/ethers/dist/ethers.min.js:1 || Tutorial-07/node_modules/ethers/providers/web3-provider.js:55 || Tutorial-07/node_modules/ethers/providers/web3-provider.js:56 || Tutorial-07/node_modules/tronweb/dist/TronWeb.js:10 || Tutorial-08-and-09/node_modules/ethers/dist/ethers.js:12029 || Tutorial-08-and-09/node_modules/ethers/dist/ethers.js:12030 || Tutorial-08-and-09/node_modules/ethers/dist/ethers.min.js:1 || Tutorial-08-and-09/node_modules/ethers/providers/web3-provider.js:55 || Tutorial-08-and-09/node_modules/ethers/providers/web3-provider.js:56 || Tutorial-08-and-09/node_modules/tronweb/dist/TronWeb.js:10,
sqfasd/asch-dice-game-dapp,https://github.com/sqfasd/asch-dice-game-dapp,,,,,,,,,,,
y001j/SuperDice,https://github.com/y001j/SuperDice,,,,,,,,,,,
jamesmorgan/ethereum-dice-oracle-example,https://github.com/jamesmorgan/ethereum-dice-oracle-example,,,,,,,,,,,
iotexproject/roll-dice-demo-dapp,https://github.com/iotexproject/roll-dice-demo-dapp,,,,,,,,,,,
plasmadlt/Dice-dapp-frontend,https://github.com/plasmadlt/Dice-dapp-frontend,,,,,,,,,,,
iisaint/dice_oracle,https://github.com/iisaint/dice_oracle,,,,,,,,,,,
TRON-DEFI/TRON-DICE,https://github.com/TRON-DEFI/TRON-DICE,,,,,,,,,,,
gombear/DiceRollApp,https://github.com/gombear/DiceRollApp,,,,,,,,,,,
chaseclark24/diceRoller,https://github.com/chaseclark24/diceRoller,,,,,,,,,,,
Aveesh52/TRON-Dice-game-dapp,https://github.com/Aveesh52/TRON-Dice-game-dapp,,,,,,,,,,,
edulanasca/dice-game,https://github.com/edulanasca/dice-game,,,,,,,,,,,
rivermoon21/dapp-dice-game,https://github.com/rivermoon21/dapp-dice-game,,,web3.min.js:1 || web3.min.js:1,web3.min.js:1,,,,,web3.min.js:1 || web3.min.js:1,web3.min.js:1,
shaneaben/dice-dapp,https://github.com/shaneaben/dice-dapp,,,,,,,,,,,
vist0r/dapp_dice,https://github.com/vist0r/dapp_dice,,,,,,,,,,,
potato-coin/dapp-dice,https://github.com/potato-coin/dapp-dice,,,,,,,,,,,
dojinkimm/Dapp_dicegame,https://github.com/dojinkimm/Dapp_dicegame,,,,,,,,,,,
Cruz-S13/Crap-a-Dappa,https://github.com/Cruz-S13/Crap-a-Dappa,,,,,,,,,,,
bitfriend/heswap-dice-dapp,https://github.com/bitfriend/heswap-dice-dapp,,,,,,,,,,,
dustprotocol/roll-dice-demo-dapp,https://github.com/dustprotocol/roll-dice-demo-dapp,,
crowdbotics-apps/dice-dapp-1683,https://github.com/crowdbotics-apps/dice-dapp-1683,,,,,,,,,,,
dhipgraby/ethereum-dice-Dapp,https://github.com/dhipgraby/ethereum-dice-Dapp,,,coinDapp/assets/js/web3.min.js:1 || coinDapp/assets/js/web3.min.js:1,coinDapp/assets/js/web3.min.js:1,,,,,coinDapp/assets/js/web3.min.js:1 || coinDapp/assets/js/web3.min.js:1,coinDapp/assets/js/web3.min.js:1,
mayankmusaddi/liar-dice-dapp,https://github.com/mayankmusaddi/liar-dice-dapp,,,,,,,,,,,
Shriyanshidixit/Dice-Game---Blockchain-DAPP,https://github.com/Shriyanshidixit/Dice-Game---Blockchain-DAPP,,,,,,,,,,,
tanmaysachan/dice-game-dapp,https://github.com/tanmaysachan/dice-game-dapp,,,,,,,,,,,
sankalp0210/liars-dice-dapp,https://github.com/sankalp0210/liars-dice-dapp,,,,,,,,,,,
borncrispy/DAndDApp,https://github.com/borncrispy/DAndDApp,,,,,,,,,,,
RainbowWZRD/FIND-SIX-DICE-GAME,https://github.com/RainbowWZRD/FIND-SIX-DICE-GAME,,,,,,,,,,,
lukem512/smartdice,https://github.com/lukem512/smartdice,,,web/lib/web3-light.js:5369 || web/lib/web3-light.min.js:1 || web/lib/web3.js:5369 || web/lib/web3.min.js:1,web/lib/web3-light.js:5627 || web/lib/web3-light.min.js:1 || web/lib/web3.js:5627 || web/lib/web3.min.js:1,,,,,web/lib/web3-light.js:5369 || web/lib/web3-light.min.js:1 || web/lib/web3.js:5369 || web/lib/web3.min.js:1,web/lib/web3-light.js:5627 || web/lib/web3-light.min.js:1 || web/lib/web3.js:5627 || web/lib/web3.min.js:1,
iisaint/etherDice,https://github.com/iisaint/etherDice,,,,,,,,,,,
Blockasino/dice-contract,https://github.com/Blockasino/dice-contract,,,,,,,,,,,BitrngDice.sol:216
AkashV420/Liars-dice,https://github.com/AkashV420/Liars-dice,,,,,,,,,,,
a186r/ethereum-dice,https://github.com/a186r/ethereum-dice,,,src/ethereumjs.js:11633 || src/ethereumjs.js:11641 || src/ethereumjs.js:11647 || src/ethereumjs.js:11656 || src/web3.js:5397,src/web3.js:5655,,,,src/game.js:53 || src/game.js:84,src/ethereumjs.js:11633 || src/ethereumjs.js:11641 || src/ethereumjs.js:11647 || src/ethereumjs.js:11656 || src/web3.js:5397,src/web3.js:5655,
acon024000/https-github,https://github.com/acon024000/https-github.com-ThisIsCodeXpert-CodeXpert-Tron-Dice-Game-DApp-Tutorial-Series,,
pkdcryptos/ThisIsCodeXpert-CodeXpert-Tron-Dice-Game-DApp-Tutorial-Series,https://github.com/pkdcryptos/ThisIsCodeXpert-CodeXpert-Tron-Dice-Game-DApp-Tutorial-Series,,,CodeXpert-Tron-Dice-Game-DApp-Template/node_modules/ethers/dist/ethers.js:11746 || CodeXpert-Tron-Dice-Game-DApp-Template/node_modules/ethers/dist/ethers.js:11747 || CodeXpert-Tron-Dice-Game-DApp-Template/node_modules/ethers/dist/ethers.js:12027 || CodeXpert-Tron-Dice-Game-DApp-Template/node_modules/ethers/dist/ethers.js:12028 || CodeXpert-Tron-Dice-Game-DApp-Template/node_modules/ethers/dist/ethers.min.js:1 || CodeXpert-Tron-Dice-Game-DApp-Template/node_modules/ethers/dist/ethers.min.js:1 || CodeXpert-Tron-Dice-Game-DApp-Template/node_modules/ethers/providers/json-rpc-provider.js:152 || CodeXpert-Tron-Dice-Game-DApp-Template/node_modules/ethers/providers/json-rpc-provider.js:153 || CodeXpert-Tron-Dice-Game-DApp-Template/node_modules/ethers/providers/web3-provider.js:53 || CodeXpert-Tron-Dice-Game-DApp-Template/node_modules/ethers/providers/web3-provider.js:54 || CodeXpert-Tron-Dice-Game-DApp-Template/node_modules/tronweb/dist/TronWeb.js:10 || CodeXpert-Tron-Dice-Game-DApp-Template/node_modules/tronweb/dist/TronWeb.js:10 || Tutorial-05/node_modules/ethers/dist/ethers.js:11746 || Tutorial-05/node_modules/ethers/dist/ethers.js:11747 || Tutorial-05/node_modules/ethers/dist/ethers.js:12027 || Tutorial-05/node_modules/ethers/dist/ethers.js:12028 || Tutorial-05/node_modules/ethers/dist/ethers.min.js:1 || Tutorial-05/node_modules/ethers/dist/ethers.min.js:1 || Tutorial-05/node_modules/ethers/providers/json-rpc-provider.js:152 || Tutorial-05/node_modules/ethers/providers/json-rpc-provider.js:153 || Tutorial-05/node_modules/ethers/providers/web3-provider.js:53 || Tutorial-05/node_modules/ethers/providers/web3-provider.js:54 || Tutorial-05/node_modules/tronweb/dist/TronWeb.js:10 || Tutorial-05/node_modules/tronweb/dist/TronWeb.js:10 || Tutorial-06/node_modules/ethers/dist/ethers.js:11746 || Tutorial-06/node_modules/ethers/dist/ethers.js:11747 || Tutorial-06/node_modules/ethers/dist/ethers.js:12027 || Tutorial-06/node_modules/ethers/dist/ethers.js:12028 || Tutorial-06/node_modules/ethers/dist/ethers.min.js:1 || Tutorial-06/node_modules/ethers/dist/ethers.min.js:1 || Tutorial-06/node_modules/ethers/providers/json-rpc-provider.js:152 || Tutorial-06/node_modules/ethers/providers/json-rpc-provider.js:153 || Tutorial-06/node_modules/ethers/providers/web3-provider.js:53 || Tutorial-06/node_modules/ethers/providers/web3-provider.js:54 || Tutorial-06/node_modules/tronweb/dist/TronWeb.js:10 || Tutorial-06/node_modules/tronweb/dist/TronWeb.js:10 || Tutorial-07/node_modules/ethers/dist/ethers.js:11746 || Tutorial-07/node_modules/ethers/dist/ethers.js:11747 || Tutorial-07/node_modules/ethers/dist/ethers.js:12027 || Tutorial-07/node_modules/ethers/dist/ethers.js:12028 || Tutorial-07/node_modules/ethers/dist/ethers.min.js:1 || Tutorial-07/node_modules/ethers/dist/ethers.min.js:1 || Tutorial-07/node_modules/ethers/providers/json-rpc-provider.js:152 || Tutorial-07/node_modules/ethers/providers/json-rpc-provider.js:153 || Tutorial-07/node_modules/ethers/providers/web3-provider.js:53 || Tutorial-07/node_modules/ethers/providers/web3-provider.js:54 || Tutorial-07/node_modules/tronweb/dist/TronWeb.js:10 || Tutorial-07/node_modules/tronweb/dist/TronWeb.js:10 || Tutorial-08-and-09/node_modules/ethers/dist/ethers.js:11746 || Tutorial-08-and-09/node_modules/ethers/dist/ethers.js:11747 || Tutorial-08-and-09/node_modules/ethers/dist/ethers.js:12027 || Tutorial-08-and-09/node_modules/ethers/dist/ethers.js:12028 || Tutorial-08-and-09/node_modules/ethers/dist/ethers.min.js:1 || Tutorial-08-and-09/node_modules/ethers/dist/ethers.min.js:1 || Tutorial-08-and-09/node_modules/ethers/providers/json-rpc-provider.js:152 || Tutorial-08-and-09/node_modules/ethers/providers/json-rpc-provider.js:153 || Tutorial-08-and-09/node_modules/ethers/providers/web3-provider.js:53 || Tutorial-08-and-09/node_modules/ethers/providers/web3-provider.js:54 || Tutorial-08-and-09/node_modules/tronweb/dist/TronWeb.js:10 || Tutorial-08-and-09/node_modules/tronweb/dist/TronWeb.js:10,CodeXpert-Tron-Dice-Game-DApp-Template/node_modules/ethers/dist/ethers.js:12029 || CodeXpert-Tron-Dice-Game-DApp-Template/node_modules/ethers/dist/ethers.js:12030 || CodeXpert-Tron-Dice-Game-DApp-Template/node_modules/ethers/dist/ethers.min.js:1 || CodeXpert-Tron-Dice-Game-DApp-Template/node_modules/ethers/providers/web3-provider.js:55 || CodeXpert-Tron-Dice-Game-DApp-Template/node_modules/ethers/providers/web3-provider.js:56 || CodeXpert-Tron-Dice-Game-DApp-Template/node_modules/tronweb/dist/TronWeb.js:10 || Tutorial-05/node_modules/ethers/dist/ethers.js:12029 || Tutorial-05/node_modules/ethers/dist/ethers.js:12030 || Tutorial-05/node_modules/ethers/dist/ethers.min.js:1 || Tutorial-05/node_modules/ethers/providers/web3-provider.js:55 || Tutorial-05/node_modules/ethers/providers/web3-provider.js:56 || Tutorial-05/node_modules/tronweb/dist/TronWeb.js:10 || Tutorial-06/node_modules/ethers/dist/ethers.js:12029 || Tutorial-06/node_modules/ethers/dist/ethers.js:12030 || Tutorial-06/node_modules/ethers/dist/ethers.min.js:1 || Tutorial-06/node_modules/ethers/providers/web3-provider.js:55 || Tutorial-06/node_modules/ethers/providers/web3-provider.js:56 || Tutorial-06/node_modules/tronweb/dist/TronWeb.js:10 || Tutorial-07/node_modules/ethers/dist/ethers.js:12029 || Tutorial-07/node_modules/ethers/dist/ethers.js:12030 || Tutorial-07/node_modules/ethers/dist/ethers.min.js:1 || Tutorial-07/node_modules/ethers/providers/web3-provider.js:55 || Tutorial-07/node_modules/ethers/providers/web3-provider.js:56 || Tutorial-07/node_modules/tronweb/dist/TronWeb.js:10 || Tutorial-08-and-09/node_modules/ethers/dist/ethers.js:12029 || Tutorial-08-and-09/node_modules/ethers/dist/ethers.js:12030 || Tutorial-08-and-09/node_modules/ethers/dist/ethers.min.js:1 || Tutorial-08-and-09/node_modules/ethers/providers/web3-provider.js:55 || Tutorial-08-and-09/node_modules/ethers/providers/web3-provider.js:56 || Tutorial-08-and-09/node_modules/tronweb/dist/TronWeb.js:10,,,,CodeXpert-Tron-Dice-Game-DApp-Template/node_modules/ethers/abstract-signer.d.ts:7 || CodeXpert-Tron-Dice-Game-DApp-Template/node_modules/ethers/contract.d.ts:35 || CodeXpert-Tron-Dice-Game-DApp-Template/node_modules/ethers/contract.js:49 || CodeXpert-Tron-Dice-Game-DApp-Template/node_modules/ethers/contract.js:50 || CodeXpert-Tron-Dice-Game-DApp-Template/node_modules/ethers/dist/ethers.js:97 || CodeXpert-Tron-Dice-Game-DApp-Template/node_modules/ethers/dist/ethers.js:98 || CodeXpert-Tron-Dice-Game-DApp-Template/node_modules/ethers/dist/ethers.js:11742 || CodeXpert-Tron-Dice-Game-DApp-Template/node_modules/ethers/dist/ethers.js:16568 || CodeXpert-Tron-Dice-Game-DApp-Template/node_modules/ethers/dist/ethers.min.js:1 || CodeXpert-Tron-Dice-Game-DApp-Template/node_modules/ethers/dist/ethers.min.js:1 || CodeXpert-Tron-Dice-Game-DApp-Template/node_modules/ethers/dist/ethers.min.js:1 || CodeXpert-Tron-Dice-Game-DApp-Template/node_modules/ethers/dist/ethers.min.js:1 || CodeXpert-Tron-Dice-Game-DApp-Template/node_modules/ethers/providers/json-rpc-provider.d.ts:17 || CodeXpert-Tron-Dice-Game-DApp-Template/node_modules/ethers/providers/json-rpc-provider.js:148 || CodeXpert-Tron-Dice-Game-DApp-Template/node_modules/ethers/wallet.d.ts:24 || CodeXpert-Tron-Dice-Game-DApp-Template/node_modules/ethers/wallet.js:89 || CodeXpert-Tron-Dice-Game-DApp-Template/node_modules/tronweb/dist/TronWeb.js:1 || CodeXpert-Tron-Dice-Game-DApp-Template/node_modules/tronweb/dist/TronWeb.js:1 || CodeXpert-Tron-Dice-Game-DApp-Template/node_modules/tronweb/dist/TronWeb.js:10 || CodeXpert-Tron-Dice-Game-DApp-Template/node_modules/tronweb/dist/TronWeb.js:10 || CodeXpert-Tron-Dice-Game-DApp-Template/node_modules/tronweb/dist/TronWeb.js:27 || CodeXpert-Tron-Dice-Game-DApp-Template/node_modules/tronweb/dist/TronWeb.node.js:1 || CodeXpert-Tron-Dice-Game-DApp-Template/node_modules/tronweb/src/lib/trx.js:935 || Tutorial-05/node_modules/ethers/abstract-signer.d.ts:7 || Tutorial-05/node_modules/ethers/contract.d.ts:35 || Tutorial-05/node_modules/ethers/contract.js:49 || Tutorial-05/node_modules/ethers/contract.js:50 || Tutorial-05/node_modules/ethers/dist/ethers.js:97 || Tutorial-05/node_modules/ethers/dist/ethers.js:98 || Tutorial-05/node_modules/ethers/dist/ethers.js:11742 || Tutorial-05/node_modules/ethers/dist/ethers.js:16568 || Tutorial-05/node_modules/ethers/dist/ethers.min.js:1 || Tutorial-05/node_modules/ethers/dist/ethers.min.js:1 || Tutorial-05/node_modules/ethers/dist/ethers.min.js:1 || Tutorial-05/node_modules/ethers/dist/ethers.min.js:1 || Tutorial-05/node_modules/ethers/providers/json-rpc-provider.d.ts:17 || Tutorial-05/node_modules/ethers/providers/json-rpc-provider.js:148 || Tutorial-05/node_modules/ethers/wallet.d.ts:24 || Tutorial-05/node_modules/ethers/wallet.js:89 || Tutorial-05/node_modules/tronweb/dist/TronWeb.js:1 || Tutorial-05/node_modules/tronweb/dist/TronWeb.js:1 || Tutorial-05/node_modules/tronweb/dist/TronWeb.js:10 || Tutorial-05/node_modules/tronweb/dist/TronWeb.js:10 || Tutorial-05/node_modules/tronweb/dist/TronWeb.js:27 || Tutorial-05/node_modules/tronweb/dist/TronWeb.node.js:1 || Tutorial-05/node_modules/tronweb/src/lib/trx.js:935 || Tutorial-06/node_modules/ethers/abstract-signer.d.ts:7 || Tutorial-06/node_modules/ethers/contract.d.ts:35 || Tutorial-06/node_modules/ethers/contract.js:49 || Tutorial-06/node_modules/ethers/contract.js:50 || Tutorial-06/node_modules/ethers/dist/ethers.js:97 || Tutorial-06/node_modules/ethers/dist/ethers.js:98 || Tutorial-06/node_modules/ethers/dist/ethers.js:11742 || Tutorial-06/node_modules/ethers/dist/ethers.js:16568 || Tutorial-06/node_modules/ethers/dist/ethers.min.js:1 || Tutorial-06/node_modules/ethers/dist/ethers.min.js:1 || Tutorial-06/node_modules/ethers/dist/ethers.min.js:1 || Tutorial-06/node_modules/ethers/dist/ethers.min.js:1 || Tutorial-06/node_modules/ethers/providers/json-rpc-provider.d.ts:17 || Tutorial-06/node_modules/ethers/providers/json-rpc-provider.js:148 || Tutorial-06/node_modules/ethers/wallet.d.ts:24 || Tutorial-06/node_modules/ethers/wallet.js:89 || Tutorial-06/node_modules/tronweb/dist/TronWeb.js:1 || Tutorial-06/node_modules/tronweb/dist/TronWeb.js:1 || Tutorial-06/node_modules/tronweb/dist/TronWeb.js:10 || Tutorial-06/node_modules/tronweb/dist/TronWeb.js:10 || Tutorial-06/node_modules/tronweb/dist/TronWeb.js:27 || Tutorial-06/node_modules/tronweb/dist/TronWeb.node.js:1 || Tutorial-06/node_modules/tronweb/src/lib/trx.js:935 || Tutorial-07/node_modules/ethers/abstract-signer.d.ts:7 || Tutorial-07/node_modules/ethers/contract.d.ts:35 || Tutorial-07/node_modules/ethers/contract.js:49 || Tutorial-07/node_modules/ethers/contract.js:50 || Tutorial-07/node_modules/ethers/dist/ethers.js:97 || Tutorial-07/node_modules/ethers/dist/ethers.js:98 || Tutorial-07/node_modules/ethers/dist/ethers.js:11742 || Tutorial-07/node_modules/ethers/dist/ethers.js:16568 || Tutorial-07/node_modules/ethers/dist/ethers.min.js:1 || Tutorial-07/node_modules/ethers/dist/ethers.min.js:1 || Tutorial-07/node_modules/ethers/dist/ethers.min.js:1 || Tutorial-07/node_modules/ethers/dist/ethers.min.js:1 || Tutorial-07/node_modules/ethers/providers/json-rpc-provider.d.ts:17 || Tutorial-07/node_modules/ethers/providers/json-rpc-provider.js:148 || Tutorial-07/node_modules/ethers/wallet.d.ts:24 || Tutorial-07/node_modules/ethers/wallet.js:89 || Tutorial-07/node_modules/tronweb/dist/TronWeb.js:1 || Tutorial-07/node_modules/tronweb/dist/TronWeb.js:1 || Tutorial-07/node_modules/tronweb/dist/TronWeb.js:10 || Tutorial-07/node_modules/tronweb/dist/TronWeb.js:10 || Tutorial-07/node_modules/tronweb/dist/TronWeb.js:27 || Tutorial-07/node_modules/tronweb/dist/TronWeb.node.js:1 || Tutorial-07/node_modules/tronweb/src/lib/trx.js:935 || Tutorial-08-and-09/node_modules/ethers/abstract-signer.d.ts:7 || Tutorial-08-and-09/node_modules/ethers/contract.d.ts:35 || Tutorial-08-and-09/node_modules/ethers/contract.js:49 || Tutorial-08-and-09/node_modules/ethers/contract.js:50 || Tutorial-08-and-09/node_modules/ethers/dist/ethers.js:97 || Tutorial-08-and-09/node_modules/ethers/dist/ethers.js:98 || Tutorial-08-and-09/node_modules/ethers/dist/ethers.js:11742 || Tutorial-08-and-09/node_modules/ethers/dist/ethers.js:16568 || Tutorial-08-and-09/node_modules/ethers/dist/ethers.min.js:1 || Tutorial-08-and-09/node_modules/ethers/dist/ethers.min.js:1 || Tutorial-08-and-09/node_modules/ethers/dist/ethers.min.js:1 || Tutorial-08-and-09/node_modules/ethers/dist/ethers.min.js:1 || Tutorial-08-and-09/node_modules/ethers/providers/json-rpc-provider.d.ts:17 || Tutorial-08-and-09/node_modules/ethers/providers/json-rpc-provider.js:148 || Tutorial-08-and-09/node_modules/ethers/wallet.d.ts:24 || Tutorial-08-and-09/node_modules/ethers/wallet.js:89 || Tutorial-08-and-09/node_modules/tronweb/dist/TronWeb.js:1 || Tutorial-08-and-09/node_modules/tronweb/dist/TronWeb.js:1 || Tutorial-08-and-09/node_modules/tronweb/dist/TronWeb.js:10 || Tutorial-08-and-09/node_modules/tronweb/dist/TronWeb.js:10 || Tutorial-08-and-09/node_modules/tronweb/dist/TronWeb.js:27 || Tutorial-08-and-09/node_modules/tronweb/dist/TronWeb.node.js:1 || Tutorial-08-and-09/node_modules/tronweb/src/lib/trx.js:935,CodeXpert-Tron-Dice-Game-DApp-Template/node_modules/ethers/dist/ethers.js:11746 || CodeXpert-Tron-Dice-Game-DApp-Template/node_modules/ethers/dist/ethers.js:11747 || CodeXpert-Tron-Dice-Game-DApp-Template/node_modules/ethers/dist/ethers.js:12027 || CodeXpert-Tron-Dice-Game-DApp-Template/node_modules/ethers/dist/ethers.js:12028 || CodeXpert-Tron-Dice-Game-DApp-Template/node_modules/ethers/dist/ethers.min.js:1 || CodeXpert-Tron-Dice-Game-DApp-Template/node_modules/ethers/dist/ethers.min.js:1 || CodeXpert-Tron-Dice-Game-DApp-Template/node_modules/ethers/providers/json-rpc-provider.js:152 || CodeXpert-Tron-Dice-Game-DApp-Template/node_modules/ethers/providers/json-rpc-provider.js:153 || CodeXpert-Tron-Dice-Game-DApp-Template/node_modules/ethers/providers/web3-provider.js:53 || CodeXpert-Tron-Dice-Game-DApp-Template/node_modules/ethers/providers/web3-provider.js:54 || CodeXpert-Tron-Dice-Game-DApp-Template/node_modules/tronweb/dist/TronWeb.js:10 || CodeXpert-Tron-Dice-Game-DApp-Template/node_modules/tronweb/dist/TronWeb.js:10 || Tutorial-05/node_modules/ethers/dist/ethers.js:11746 || Tutorial-05/node_modules/ethers/dist/ethers.js:11747 || Tutorial-05/node_modules/ethers/dist/ethers.js:12027 || Tutorial-05/node_modules/ethers/dist/ethers.js:12028 || Tutorial-05/node_modules/ethers/dist/ethers.min.js:1 || Tutorial-05/node_modules/ethers/dist/ethers.min.js:1 || Tutorial-05/node_modules/ethers/providers/json-rpc-provider.js:152 || Tutorial-05/node_modules/ethers/providers/json-rpc-provider.js:153 || Tutorial-05/node_modules/ethers/providers/web3-provider.js:53 || Tutorial-05/node_modules/ethers/providers/web3-provider.js:54 || Tutorial-05/node_modules/tronweb/dist/TronWeb.js:10 || Tutorial-05/node_modules/tronweb/dist/TronWeb.js:10 || Tutorial-06/node_modules/ethers/dist/ethers.js:11746 || Tutorial-06/node_modules/ethers/dist/ethers.js:11747 || Tutorial-06/node_modules/ethers/dist/ethers.js:12027 || Tutorial-06/node_modules/ethers/dist/ethers.js:12028 || Tutorial-06/node_modules/ethers/dist/ethers.min.js:1 || Tutorial-06/node_modules/ethers/dist/ethers.min.js:1 || Tutorial-06/node_modules/ethers/providers/json-rpc-provider.js:152 || Tutorial-06/node_modules/ethers/providers/json-rpc-provider.js:153 || Tutorial-06/node_modules/ethers/providers/web3-provider.js:53 || Tutorial-06/node_modules/ethers/providers/web3-provider.js:54 || Tutorial-06/node_modules/tronweb/dist/TronWeb.js:10 || Tutorial-06/node_modules/tronweb/dist/TronWeb.js:10 || Tutorial-07/node_modules/ethers/dist/ethers.js:11746 || Tutorial-07/node_modules/ethers/dist/ethers.js:11747 || Tutorial-07/node_modules/ethers/dist/ethers.js:12027 || Tutorial-07/node_modules/ethers/dist/ethers.js:12028 || Tutorial-07/node_modules/ethers/dist/ethers.min.js:1 || Tutorial-07/node_modules/ethers/dist/ethers.min.js:1 || Tutorial-07/node_modules/ethers/providers/json-rpc-provider.js:152 || Tutorial-07/node_modules/ethers/providers/json-rpc-provider.js:153 || Tutorial-07/node_modules/ethers/providers/web3-provider.js:53 || Tutorial-07/node_modules/ethers/providers/web3-provider.js:54 || Tutorial-07/node_modules/tronweb/dist/TronWeb.js:10 || Tutorial-07/node_modules/tronweb/dist/TronWeb.js:10 || Tutorial-08-and-09/node_modules/ethers/dist/ethers.js:11746 || Tutorial-08-and-09/node_modules/ethers/dist/ethers.js:11747 || Tutorial-08-and-09/node_modules/ethers/dist/ethers.js:12027 || Tutorial-08-and-09/node_modules/ethers/dist/ethers.js:12028 || Tutorial-08-and-09/node_modules/ethers/dist/ethers.min.js:1 || Tutorial-08-and-09/node_modules/ethers/dist/ethers.min.js:1 || Tutorial-08-and-09/node_modules/ethers/providers/json-rpc-provider.js:152 || Tutorial-08-and-09/node_modules/ethers/providers/json-rpc-provider.js:153 || Tutorial-08-and-09/node_modules/ethers/providers/web3-provider.js:53 || Tutorial-08-and-09/node_modules/ethers/providers/web3-provider.js:54 || Tutorial-08-and-09/node_modules/tronweb/dist/TronWeb.js:10 || Tutorial-08-and-09/node_modules/tronweb/dist/TronWeb.js:10,CodeXpert-Tron-Dice-Game-DApp-Template/node_modules/ethers/dist/ethers.js:12029 || CodeXpert-Tron-Dice-Game-DApp-Template/node_modules/ethers/dist/ethers.js:12030 || CodeXpert-Tron-Dice-Game-DApp-Template/node_modules/ethers/dist/ethers.min.js:1 || CodeXpert-Tron-Dice-Game-DApp-Template/node_modules/ethers/providers/web3-provider.js:55 || CodeXpert-Tron-Dice-Game-DApp-Template/node_modules/ethers/providers/web3-provider.js:56 || CodeXpert-Tron-Dice-Game-DApp-Template/node_modules/tronweb/dist/TronWeb.js:10 || Tutorial-05/node_modules/ethers/dist/ethers.js:12029 || Tutorial-05/node_modules/ethers/dist/ethers.js:12030 || Tutorial-05/node_modules/ethers/dist/ethers.min.js:1 || Tutorial-05/node_modules/ethers/providers/web3-provider.js:55 || Tutorial-05/node_modules/ethers/providers/web3-provider.js:56 || Tutorial-05/node_modules/tronweb/dist/TronWeb.js:10 || Tutorial-06/node_modules/ethers/dist/ethers.js:12029 || Tutorial-06/node_modules/ethers/dist/ethers.js:12030 || Tutorial-06/node_modules/ethers/dist/ethers.min.js:1 || Tutorial-06/node_modules/ethers/providers/web3-provider.js:55 || Tutorial-06/node_modules/ethers/providers/web3-provider.js:56 || Tutorial-06/node_modules/tronweb/dist/TronWeb.js:10 || Tutorial-07/node_modules/ethers/dist/ethers.js:12029 || Tutorial-07/node_modules/ethers/dist/ethers.js:12030 || Tutorial-07/node_modules/ethers/dist/ethers.min.js:1 || Tutorial-07/node_modules/ethers/providers/web3-provider.js:55 || Tutorial-07/node_modules/ethers/providers/web3-provider.js:56 || Tutorial-07/node_modules/tronweb/dist/TronWeb.js:10 || Tutorial-08-and-09/node_modules/ethers/dist/ethers.js:12029 || Tutorial-08-and-09/node_modules/ethers/dist/ethers.js:12030 || Tutorial-08-and-09/node_modules/ethers/dist/ethers.min.js:1 || Tutorial-08-and-09/node_modules/ethers/providers/web3-provider.js:55 || Tutorial-08-and-09/node_modules/ethers/providers/web3-provider.js:56 || Tutorial-08-and-09/node_modules/tronweb/dist/TronWeb.js:10,
otakamrlw/gambling_dapp,https://github.com/otakamrlw/gambling_dapp,,,,,,,,zeppelin-solidity/test/helpers/sign.js:22 || zeppelin-solidity/test/helpers/sign.js:72 || zeppelin-solidity/test/helpers/sign.js:77 || zeppelin-solidity/test/library/ECRecovery.test.js:1 || zeppelin-solidity/test/library/ECRecovery.test.js:39 || zeppelin-solidity/test/library/ECRecovery.test.js:51 || zeppelin-solidity/test/library/ECRecovery.test.js:60,zeppelin-solidity/test/helpers/sign.js:23 || zeppelin-solidity/test/library/ECRecovery.test.js:18 || zeppelin-solidity/test/library/ECRecovery.test.js:28 || zeppelin-solidity/test/library/ECRecovery.test.js:37 || zeppelin-solidity/test/library/ECRecovery.test.js:49,,zeppelin-solidity/contracts/ECRecovery.sol:7 || zeppelin-solidity/contracts/ECRecovery.sol:33 || zeppelin-solidity/contracts/ECRecovery.sol:52
plasmadlt/plasma-fairdice-contract,https://github.com/plasmadlt/plasma-fairdice-contract,,,,,,,,,,,
skreos/skreos,https://github.com/skreos/skreos,,,,,,,,,,,