https://github.com/infinitycasino/infinitycasino,contracts/usingOraclize.sol:975
https://github.com/Peacanduck/CoinFlipPOC,contracts/provableAPI.sol:1267
https://github.com/sotomaque/coin-flip-dapp,truffle/node_modules/@openzeppelin/contracts/utils/cryptography/ECDSA.sol:16 || truffle/node_modules/@openzeppelin/contracts/utils/cryptography/ECDSA.sol:37 || truffle/node_modules/@openzeppelin/contracts/utils/cryptography/ECDSA.sol:54 || truffle/node_modules/@openzeppelin/contracts/utils/cryptography/ECDSA.sol:67
https://github.com/otakamrlw/gambling_dapp,zeppelin-solidity/contracts/ECRecovery.sol:7 || zeppelin-solidity/contracts/ECRecovery.sol:33 || zeppelin-solidity/contracts/ECRecovery.sol:52
https://github.com/njw1204/dapp-token-gambling,lib/oraclizeAPI_0.5.sol:1257
https://github.com/Blockasino/dice-contract,BitrngDice.sol:216
https://github.com/otakamrlw/gambling_dapp,zeppelin-solidity/contracts/ECRecovery.sol:7 || zeppelin-solidity/contracts/ECRecovery.sol:33 || zeppelin-solidity/contracts/ECRecovery.sol:52
